"database_identifier"	"chemical_formula"	"smiles"	"inchi"	"metabolite_identification"	"mass_to_charge"	"fragmentation"	"modifications"	"charge"	"retention_time"	"taxid"	"species"	"database"	"database_version"	"reliability"	"uri"	"search_engine"	"search_engine_score"	"smallmolecule_abundance_sub"	"smallmolecule_abundance_stdev_sub"	"smallmolecule_abundance_std_error_sub"	"Volunteer1_blood_0h_POS"	"Volunteer1_plasma_0h_POS"	"Volunteer1_RBC_0h_POS"	"Volunteer2_blood_0h_POS"	"Volunteer2_plasma_0h_POS"	"Volunteer2_RBC_0h_POS"	"Volunteer3_blood_0h_POS"	"Volunteer3_plasma_0h_POS"	"Volunteer3_RBC_0h_POS"	"Volunteer4_blood_0h_POS"	"Volunteer4_plasma_0h_POS"	"Volunteer4_RBC_0h_POS"	"Volunteer1_blood_1h_POS"	"Volunteer1_plasma_1h_POS"	"Volunteer1_RBC_1h_POS"	"Volunteer2_blood_1h_POS"	"Volunteer2_plasma_1h_POS"	"Volunteer2_RBC_1h_POS"	"Volunteer3_blood_1h_POS"	"Volunteer3_plasma_1h_POS"	"Volunteer3_RBC_1h_POS"	"Volunteer4_blood_1h_POS"	"Volunteer4_plasma_1h_POS"	"Volunteer4_RBC_1h_POS"	"Volunteer1_blood_4h_POS"	"Volunteer1_plasma_4h_POS"	"Volunteer1_RBC_4h_POS"	"Volunteer2_blood_4h_POS"	"Volunteer2_plasma_4h_POS"	"Volunteer2_RBC_4h_POS"	"Volunteer3_blood_4h_POS"	"Volunteer3_plasma_4h_POS"	"Volunteer3_RBC_4h_POS"	"Volunteer4_blood_4h_POS"	"Volunteer4_plasma_4h_POS"	"Volunteer4_RBC_4h_POS"	"Volunteer1_blood_24h_POS"	"Volunteer1_plasma_24h_POS"	"Volunteer1_RBC_24h_POS"	"Volunteer2_blood_24h_POS"	"Volunteer2_plasma_24h_POS"	"Volunteer2_RBC_24h_POS"	"Volunteer3_blood_24h_POS"	"Volunteer3_plasma_24h_POS"	"Volunteer3_RBC_24h_POS"	"Volunteer4_blood_24h_POS"	"Volunteer4_plasma_24h_POS"	"Volunteer4_RBC_24h_POS"
"CHEBI:16761"	"C10H15N5O10P2"	"C1=NC2=C(C(=N1)N)N=CN2C3C(C(C(O3)COP(=O)(O)OP(=O)(O)O)O)O"	"InChI=1S/C10H15N5O10P2/c11-8-5-9(13-2-12-8)15(3-14-5)10-7(17)6(16)4(24-10)1-23-27(21,22)25-26(18,19)20/h2-4,6-7,10,16-17H,1H2,(H,21,22)(H2,11,12,13)(H2,18,19,20)/t4-,6-,7-,10-/m1/s1"	"ADP"	"428.03564"	""	"[M+H]+"	"positive"	"12.8"	"NCBITAXON:http://purl.bioontology.org/ontology/NCBITAXON/9606"	"Homo sapiens"	""	""	"5:very good reliability"	""	""	""	""	""	""	"81200000"	"2363343.081"	"1.13E8"	"8.2E7"	"2531827"	"1.27E8"	"90600000"	"1951291.151"	"1.32E8"	"76500000"	"1608177.139"	"1.25E8"	"78400000"	"2154234.661"	"1.3E8"	"80600000"	"2529696.385"	"1.09E8"	"85200000"	"2460800.24"	"1.28E8"	"62200000"	"1700143.925"	"1.46E8"	"75300000"	"3122980.534"	"1.17E8"	"88500000"	"3302280.617"	"1.13E8"	"1.01E8"	"2721820.013"	"1.46E8"	"72800000"	"2107822.222"	"1.2E8"	"83300000"	"2649727.995"	"1.27E8"	"76700000"	"3277905.65"	"1.25E8"	"94400000"	"1922814.242"	"1.6E8"	"66800000"	"2177730.15"	"1.14E8"
"CHEBI:16027"	"C10H14N5O7P"	"C1=NC2=C(C(=N1)N)N=CN2C3C(C(C(O3)COP(=O)(O)O)O)O"	"InChI=1S/C10H14N5O7P/c11-8-5-9(13-2-12-8)15(3-14-5)10-7(17)6(16)4(22-10)1-21-23(18,19)20/h2-4,6-7,10,16-17H,1H2,(H2,11,12,13)(H2,18,19,20)/t4-,6-,7-,10-/m1/s1"	"AMP"	"348.06951"	""	"[M+H]+"	"positive"	"11.6"	"NCBITAXON:http://purl.bioontology.org/ontology/NCBITAXON/9606"	"Homo sapiens"	""	""	"5:very good reliability"	""	""	""	""	""	""	"15700000"	"796244.0629"	"2.83E7"	"1.35E7"	"1162637.898"	"2.45E7"	"20300000"	"819794.7582"	"3.6E7"	"15300000"	"683392.675"	"3.77E7"	"17600000"	"730868.6498"	"3.8E7"	"16000000"	"1134667.12"	"2.27E7"	"22100000"	"837792.389"	"4.29E7"	"14300000"	"722528.6568"	"4.37E7"	"18000000"	"1030399.783"	"3.44E7"	"16300000"	"1414779.424"	"2.52E7"	"2.65E7"	"948991.0879"	"4.79E7"	"15400000"	"1043588.579"	"3.29E7"	"20500000"	"909116.4415"	"3.06E7"	"15000000"	"1488815.621"	"2.49E7"	"24600000"	"764467.3974"	"4.62E7"	"14100000"	"807856.8821"	"3.27E7"
"CHEBI:15422"	"C10H16N5O13P3"	"C1=NC2=C(C(=N1)N)N=CN2C3C(C(C(O3)COP(=O)(O)OP(=O)(O)OP(=O)(O)O)O)O"	"InChI=1S/C10H16N5O13P3/c11-8-5-9(13-2-12-8)15(3-14-5)10-7(17)6(16)4(26-10)1-25-30(21,22)28-31(23,24)27-29(18,19)20/h2-4,6-7,10,16-17H,1H2,(H,21,22)(H,23,24)(H2,11,12,13)(H2,18,19,20)/t4-,6-,7-,10-/m1/s1"	"ATP"	"508.00152"	""	"[M+H]+"	"positive"	"13.9"	"NCBITAXON:http://purl.bioontology.org/ontology/NCBITAXON/9606"	"Homo sapiens"	""	""	"5:very good reliability"	""	""	""	""	""	""	"365000000"	"8155171.911"	"4.44E8"	"3.86E8"	"5941587.921"	"5.44E8"	"403000000"	"5434783.575"	"5.34E8"	"379000000"	"4721135.271"	"5.23E8"	"383000000"	"7017807.381"	"5.6E8"	"440000000"	"6599241.813"	"5.21E8"	"400000000"	"7910997.194"	"5.5E8"	"369000000"	"4749806.125"	"6.02E8"	"369000000"	"11500000"	"5.23E8"	"449000000"	"8302267.088"	"5.77E8"	"4.46E8"	"7882338.394"	"5.71E8"	"414000000"	"6071095.61"	"5.44E8"	"390000000"	"9237303.823"	"5.5E8"	"453000000"	"7922340.622"	"5.89E8"	"439000000"	"7377653.698"	"6.3E8"	"388000000"	"7248895.623"	"5.23E8"
"CHEBI:17677"	"C9H16N3O14P3"	"C1=CN(C(=O)N=C1N)C2C(C(C(O2)COP(=O)(O)OP(=O)(O)OP(=O)(O)O)O)O"	"InChI=1S/C9H16N3O14P3/c10-5-1-2-12(9(15)11-5)8-7(14)6(13)4(24-8)3-23-28(19,20)26-29(21,22)25-27(16,17)18/h1-2,4,6-8,13-14H,3H2,(H,19,20)(H,21,22)(H2,10,11,15)(H2,16,17,18)/t4-,6-,7-,8-/m1/s1"	"CTP"	"483.99045"	""	"[M+H]+"	"positive"	"15.5"	"NCBITAXON:http://purl.bioontology.org/ontology/NCBITAXON/9606"	"Homo sapiens"	""	""	"5:very good reliability"	""	""	""	""	""	""	"227823.242"	"99671.98847"	"108000.0"	"209000.0"	"77339.25096"	"127000.0"	"204528.5011"	"63725.45549"	"117000.0"	"279948.4489"	"72248.86355"	"213000.0"	"216309.2557"	"97566.98497"	"87900.0"	"238112.3168"	"92846.91307"	"112000.0"	"196427.1032"	"124836.4026"	"84000.0"	"229539.4149"	"78503.20258"	"144000.0"	"228585.8675"	"113448.0125"	"117000.0"	"246757.2016"	"121818.34"	"142000.0"	"177000.0"	"145244.5227"	"111000.0"	"210776.4444"	"111402.5121"	"143000.0"	"233436.7523"	"111464.1083"	"164000.0"	"189106.8146"	"133780.6084"	"65700.0"	"203349.4323"	"124665.8304"	"172000.0"	"187922.0781"	"102668.2123"	"146000.0"
"CHEBI:15996"	"C10H16N5O14P3"	"C1=NC2=C(N1C3C(C(C(O3)COP(=O)(O)OP(=O)(O)OP(=O)(O)O)O)O)NC(=NC2=O)N"	"InChI=1S/C10H16N5O14P3/c11-10-13-7-4(8(18)14-10)12-2-15(7)9-6(17)5(16)3(27-9)1-26-31(22,23)29-32(24,25)28-30(19,20)21/h2-3,5-6,9,16-17H,1H2,(H,22,23)(H,24,25)(H2,19,20,21)(H3,11,13,14,18)/t3-,5-,6-,9-/m1/s1"	"GTP"	"523.99648"	""	"[M+H]+"	"positive"	"16.4"	"NCBITAXON:http://purl.bioontology.org/ontology/NCBITAXON/9606"	"Homo sapiens"	""	""	"5:very good reliability"	""	""	""	""	""	""	"12000000"	"313129.0766"	"1.41E7"	"1.6E7"	"266333.4253"	"2.7E7"	"15500000"	"236113.4435"	"2.11E7"	"20100000"	"152523.2131"	"2.9E7"	"12600000"	"226040.6603"	"1.86E7"	"21200000"	"247817.8537"	"2.3E7"	"14300000"	"312455.0897"	"2.08E7"	"18300000"	"172781.1468"	"3.61E7"	"11900000"	"455347.0753"	"1.79E7"	"22300000"	"394745.9764"	"2.73E7"	"1.84E7"	"332325.4065"	"2.31E7"	"23200000"	"177696.1854"	"3.3E7"	"11500000"	"297588.2105"	"1.75E7"	"20000000"	"237656.6024"	"3.2E7"	"18300000"	"318363.7066"	"2.79E7"	"20400000"	"193168.0141"	"2.73E7"
"CHEBI:17202"	"C10H13N4O8P"	"C1=NC(=O)C2=C(N1)N(C=N2)C3C(C(C(O3)COP(=O)(O)O)O)O"	"InChI=1S/C10H13N4O8P/c15-6-4(1-21-23(18,19)20)22-10(7(6)16)14-3-13-5-8(14)11-2-12-9(5)17/h2-4,6-7,10,15-16H,1H2,(H,11,12,17)(H2,18,19,20)/t4-,6-,7-,10-/m1/s1"	"IMP"	"349.05354"	""	"[M+H]+"	"positive"	"13.2"	"NCBITAXON:http://purl.bioontology.org/ontology/NCBITAXON/9606"	"Homo sapiens"	""	""	"5:very good reliability"	""	""	""	""	""	""	"2079354.861"	"16264.23036"	"3120000.0"	"1190000.0"	"10154.38027"	"2390000.0"	"1439534.47"	"10654.69329"	"2370000.0"	"922191.6725"	"24313.74346"	"1610000.0"	"1966123.251"	"5903.351732"	"4080000.0"	"1628982.806"	"11232.8793"	"2760000.0"	"1147289.374"	"17968.28609"	"2150000.0"	"743169.4139"	"20444.02359"	"2200000.0"	"1702346.07"	"6959.189304"	"3750000.0"	"1351654.682"	"23090.10551"	"2400000.0"	"1310000.0"	"8973.951751"	"1870000.0"	"1030907.912"	"25529.57861"	"1510000.0"	"1284721.442"	"11086.96824"	"3240000.0"	"1254887.586"	"35660.16853"	"2740000.0"	"1373620.666"	"15228.46947"	"2300000.0"	"757591.4858"	"22815.85636"	"1390000.0"
"CHEBI:17659"	"C9H14N2O12P2"	"C1=CN(C(=O)NC1=O)C2C(C(C(O2)COP(=O)(O)OP(=O)(O)O)O)O"	"InChI=1S/C9H14N2O12P2/c12-5-1-2-11(9(15)10-5)8-7(14)6(13)4(22-8)3-21-25(19,20)23-24(16,17)18/h1-2,4,6-8,13-14H,3H2,(H,19,20)(H,10,12,15)(H2,16,17,18)/t4-,6-,7-,8-/m1/s1"	"UDP"	"405.00844"	""	"[M+H]+"	"positive"	"13.9"	"NCBITAXON:http://purl.bioontology.org/ontology/NCBITAXON/9606"	"Homo sapiens"	""	""	"5:very good reliability"	""	""	""	""	""	""	"614563.64"	"49851.02335"	"810000.0"	"504000.0"	"46144.67266"	"886000.0"	"659221.8474"	"23646.19925"	"738000.0"	"791536.3045"	"26879.96125"	"1280000.0"	"601989.0296"	"47334.86622"	"853000.0"	"516189.1933"	"37187.87703"	"657000.0"	"625650.3234"	"44701.42609"	"659000.0"	"808356.7475"	"28769.93013"	"1310000.0"	"525574.8338"	"66980.89014"	"699000.0"	"502021.4158"	"44026.89133"	"506000.0"	"477000.0"	"34988.5809"	"896000.0"	"926107.8568"	"22457.10326"	"1240000.0"	"509812.4587"	"55300.42955"	"728000.0"	"433606.3509"	"51078.66082"	"704000.0"	"571484.5226"	"31641.08694"	"1110000.0"	"821093.651"	"28197.16285"	"1090000.0"
"CHEBI:16020"	"C11H15N5O4"	"CN1C=NC2=C(C1=N)N=CN2C3C(C(C(O3)CO)O)O"	"InChI=1S/C11H15N5O4/c1-15-3-14-10-6(9(15)12)13-4-16(10)11-8(19)7(18)5(2-17)20-11/h3-5,7-8,11-12,17-19H,2H2,1H3/t5-,7-,8-,11-/m1/s1"	"1-Methyl-adenosine"	"282.11789"	""	"[M+H]+"	"positive"	"11.3"	"NCBITAXON:http://purl.bioontology.org/ontology/NCBITAXON/9606"	"Homo sapiens"	""	""	"5:very good reliability"	""	""	""	""	""	""	"8239607.603"	"8103300.162"	"8960000.0"	"1.15E7"	"8264871.976"	"1.16E7"	"6765231.564"	"5579418.779"	"6130000.0"	"3636446.514"	"2889630.576"	"3410000.0"	"7712578.597"	"6792518.143"	"8070000.0"	"9616923.54"	"7822299.639"	"7650000.0"	"6240941.301"	"4835680.334"	"6200000.0"	"3782588.62"	"2763943.379"	"4030000.0"	"8130379.837"	"6077130.117"	"7290000.0"	"7683270.341"	"6010855.918"	"7630000.0"	"5970000.0"	"4507779.154"	"6420000.0"	"3231940.95"	"3389335.009"	"4240000.0"	"8285885.602"	"8058476.325"	"7420000.0"	"9836756.497"	"8352242.07"	"9260000.0"	"6687513.826"	"5289676.697"	"7190000.0"	"5031938.447"	"3660224.646"	"4860000.0"
"CHEBI:19062"	"C11H15N5O5"	"CN1C(=O)C2=C(N=C1N)N(C=N2)C3C(C(C(O3)CO)O)O"	"InChI=1S/C11H15N5O5/c1-15-9(20)5-8(14-11(15)12)16(3-13-5)10-7(19)6(18)4(2-17)21-10/h3-4,6-7,10,17-19H,2H2,1H3,(H2,12,14)/t4-,6-,7-,10-/m1/s1"	"1-Methyl-guanosine"	"298.11399"	""	"[M+H]+"	"positive"	"7.2"	"NCBITAXON:http://purl.bioontology.org/ontology/NCBITAXON/9606"	"Homo sapiens"	""	""	"5:very good reliability"	""	""	""	""	""	""	"134108.2127"	"146926.7501"	"63500.0"	"215000.0"	"210490.5337"	"153000.0"	"186503.3953"	"109577.1096"	"141000.0"	"153611.8773"	"156389.1225"	"109000.0"	"141347.5703"	"141686.021"	"124000.0"	"264201.2176"	"176675.8875"	"136000.0"	"218149.1196"	"160075.8401"	"112000.0"	"165258.5616"	"172542.7915"	"119000.0"	"151048.7473"	"144042.6912"	"129000.0"	"208485.9208"	"173264.2734"	"162000.0"	"212000.0"	"144063.3759"	"129000.0"	"150541.3273"	"106122.7178"	"163000.0"	"175839.1801"	"161444.3799"	"106000.0"	"221792.7938"	"219220.9596"	"204000.0"	"162598.7407"	"110212.1686"	"163000.0"	"159091.0182"	"171389.3836"	"137000.0"
"CHEBI:16708"	"C5H5N5"	"C1=NC2=C(N1)C(=NC=N2)N"	"InChI=1S/C5H5N5/c6-4-3-5(9-1-7-3)10-2-8-4/h1-2H,(H3,6,7,8,9,10)"	"Adenine"	"136.06126"	""	"[M+H]+"	"positive"	"6.7"	"NCBITAXON:http://purl.bioontology.org/ontology/NCBITAXON/9606"	"Homo sapiens"	""	""	"5:very good reliability"	""	""	""	""	""	""	"6567035.068"	"2503294.461"	"8670000.0"	"5420000.0"	"2280349.017"	"5890000.0"	"6815193.178"	"2549793.837"	"8650000.0"	"3356799.909"	"2161433.991"	"5260000.0"	"5612720.046"	"2648396.53"	"9420000.0"	"7408841.325"	"2917525.622"	"8200000.0"	"7011100.689"	"2587373.175"	"9070000.0"	"4501007.374"	"2614120.276"	"6950000.0"	"6578376.339"	"3125371.749"	"1.08E7"	"6886793.46"	"3136814.792"	"9830000.0"	"7950000.0"	"2775640.27"	"9410000.0"	"4708039.819"	"2766817.042"	"6760000.0"	"8459393.046"	"2406878.144"	"1.14E7"	"8726230.393"	"3057933.408"	"1.15E7"	"9324428.144"	"2948670.234"	"1.02E7"	"5003983.727"	"2851313.591"	"8480000.0"
"CHEBI:16335"	"C10H13N5O4"	"C1=NC2=C(C(=N1)N)N=CN2C3C(C(C(O3)CO)O)O"	"InChI=1S/C10H13N5O4/c11-8-5-9(13-2-12-8)15(3-14-5)10-7(18)6(17)4(1-16)19-10/h2-4,6-7,10,16-18H,1H2,(H2,11,12,13)/t4-,6-,7-,10-/m1/s1"	"Adenosine"	"268.10341"	""	"[M+H]+"	"positive"	"6.3"	"NCBITAXON:http://purl.bioontology.org/ontology/NCBITAXON/9606"	"Homo sapiens"	""	""	"5:very good reliability"	""	""	""	""	""	""	"587393.3273"	"8041415.601"	"347000.0"	"426000.0"	"7866996.808"	"234000.0"	"579786.4451"	"8887295.763"	"415000.0"	"426451.1163"	"7477615.006"	"244000.0"	"501515.6664"	"8295631.705"	"248000.0"	"320771.76"	"10700000"	"152000.0"	"568395.6864"	"9130231.871"	"285000.0"	"264999.4265"	"8009285.149"	"152000.0"	"644019.7169"	"9881157.565"	"386000.0"	"366404.9409"	"12000000"	"297000.0"	"775000.0"	"9602400.991"	"584000.0"	"252712.7881"	"11800000"	"147000.0"	"464758.2521"	"6853033.41"	"792000.0"	"364567.5615"	"10200000"	"210000.0"	"590463.5435"	"8725160.645"	"374000.0"	"312642.2355"	"8372719.01"	"222000.0"
"CHEBI:27732"	"C8H10N4O2"	"CN1C=NC2=C1C(=O)N(C(=O)N2C)C"	"InChI=1S/C8H10N4O2/c1-10-4-9-6-5(10)7(13)12(3)8(14)11(6)2/h4H,1-3H3"	"Caffeine"	"195.08721"	""	"[M+H]+"	"positive"	"3.8"	"NCBITAXON:http://purl.bioontology.org/ontology/NCBITAXON/9606"	"Homo sapiens"	""	""	"5:very good reliability"	""	""	""	""	""	""	"24900000"	"22700000"	"1.45E7"	"1.82E7"	"16900000"	"1.81E7"	"25700000"	"25100000"	"1.91E7"	"1157869.013"	"758057.7756"	"759000.0"	"17200000"	"23000000"	"1.62E7"	"18800000"	"19200000"	"1.68E7"	"25000000"	"26300000"	"1.93E7"	"1302131.375"	"963835.0862"	"880000.0"	"16900000"	"18800000"	"1.37E7"	"14900000"	"14900000"	"1.31E7"	"2.07E7"	"22700000"	"1.65E7"	"720748.3103"	"506400.747"	"514000.0"	"137000000"	"129000000"	"1.06E8"	"11900000"	"12900000"	"1.19E7"	"3250627.159"	"3471222.492"	"2950000.0"	"6679383.753"	"6584360.58"	"6950000.0"
"CHEBI:17562"	"C9H13N3O5"	"C1=CN(C(=O)N=C1N)C2C(C(C(O2)CO)O)O"	"InChI=1S/C9H13N3O5/c10-5-1-2-12(9(16)11-5)8-7(15)6(14)4(3-13)17-8/h1-2,4,6-8,13-15H,3H2,(H2,10,11,16)/t4-,6-,7-,8-/m1/s1"	"Cytidine"	"244.0921"	""	"[M+H]+"	"positive"	"9.1"	"NCBITAXON:http://purl.bioontology.org/ontology/NCBITAXON/9606"	"Homo sapiens"	""	""	"5:very good reliability"	""	""	""	""	""	""	"2162582.533"	"1270084.073"	"2250000.0"	"2520000.0"	"1539135.813"	"2800000.0"	"1616842.444"	"702303.9074"	"1690000.0"	"2370275.994"	"1550410.306"	"2940000.0"	"2350118.834"	"1473198.334"	"2420000.0"	"3566339.456"	"2244934.08"	"3010000.0"	"1649151.521"	"1004305.397"	"1950000.0"	"3505713.721"	"2094477.148"	"3960000.0"	"3299971.275"	"2140203.327"	"3060000.0"	"4285069.375"	"2644948.687"	"4260000.0"	"1610000.0"	"949305.6041"	"1870000.0"	"3228369.539"	"2056104.423"	"3410000.0"	"2988642.148"	"1494847.23"	"2810000.0"	"3001797.805"	"2208898.629"	"3530000.0"	"1483385.665"	"858026.5632"	"1720000.0"	"3025515.379"	"2080912.02"	"3410000.0"
"CHEBI:19289"	"C12H17N5O5"	"CN(C)C1=NC(=O)C2=C(N1)N(C=N2)C3C(C(C(O3)CO)O)O"	"InChI=1S/C12H17N5O5/c1-16(2)12-14-9-6(10(21)15-12)13-4-17(9)11-8(20)7(19)5(3-18)22-11/h4-5,7-8,11,18-20H,3H2,1-2H3,(H,14,15,21)/t5-,7-,8-,11-/m1/s1"	"Dimethyl-guanosine"	"312.12969"	""	"[M+H]+"	"positive"	"6"	"NCBITAXON:http://purl.bioontology.org/ontology/NCBITAXON/9606"	"Homo sapiens"	""	""	"5:very good reliability"	""	""	""	""	""	""	"802530.2377"	"761819.1555"	"737000.0"	"863000.0"	"836557.539"	"865000.0"	"708731.3964"	"659172.8121"	"581000.0"	"372085.3405"	"526247.8555"	"156000.0"	"664501.9992"	"654965.1578"	"614000.0"	"1006828.174"	"912280.5029"	"663000.0"	"643498.1603"	"831224.3065"	"578000.0"	"362384.9506"	"576048.8583"	"180000.0"	"801508.6673"	"688247.565"	"696000.0"	"830042.0842"	"835330.6007"	"746000.0"	"766000.0"	"845651.5365"	"576000.0"	"225368.6155"	"642249.6829"	"276000.0"	"619513.5466"	"593956.4639"	"649000.0"	"780956.96"	"904252.0517"	"818000.0"	"776057.13"	"814382.1778"	"678000.0"	"315972.2531"	"789856.2831"	"164000.0"
"CHEBI:23818"	"C7H8N4O2"	""	""	"Dimethyl-xanthine"	"181.07149"	""	"[M+H]+"	"positive"	"4.5"	"NCBITAXON:http://purl.bioontology.org/ontology/NCBITAXON/9606"	"Homo sapiens"	""	""	"5:very good reliability"	""	""	""	""	""	""	"73100000"	"55200000"	"4.93E7"	"9.19E7"	"95100000"	"8.7E7"	"67300000"	"63600000"	"5.95E7"	"3068335.992"	"2791656.979"	"2460000.0"	"57900000"	"68000000"	"5.69E7"	"108000000"	"105000000"	"8.31E7"	"70300000"	"64500000"	"5.65E7"	"3177406.363"	"3303631.465"	"2340000.0"	"54600000"	"60200000"	"4.47E7"	"103000000"	"98200000"	"8.03E7"	"6.48E7"	"66800000"	"5.54E7"	"2629723.277"	"2250661.706"	"1840000.0"	"90400000"	"97300000"	"8.06E7"	"79600000"	"93400000"	"7.73E7"	"37500000"	"39800000"	"3.52E7"	"12000000"	"12100000"	"9370000.0"
"CHEBI:17836"	"C7H6NO2-"	"Nc1ccc(cc1)C([O-])=O"	"InChI=1S/C7H7NO2/c8-6-3-1-5(2-4-6)7(9)10/h1-4H,8H2,(H,9,10)/p-1"	"4-Aminobenzoate"	"138.05444"	""	"[M+H]+"	"positive"	"7.3"	"NCBITAXON:http://purl.bioontology.org/ontology/NCBITAXON/9606"	"Homo sapiens"	""	""	"5:very good reliability"	""	""	""	""	""	""	"6912650.271"	"7515231.216"	"6010000.0"	"88300.0"	"79978.17334"	"18000.0"	"12197.76398"	"0"	"11900.0"	"0"	"8152.036854"	"8100.0"	"6349291.951"	"7594211.474"	"4810000.0"	"57025.62913"	"79119.91333"	"11600.0"	"0"	"0"	"0.0"	"16558.74003"	"16338.25798"	"0.0"	"4823179.551"	"5157751.358"	"4710000.0"	"12035.54325"	"62027.18978"	"17800.0"	"0.0"	"0"	"0.0"	"0"	"0"	"10200.0"	"852492.855"	"415606.3646"	"1130000.0"	"0"	"0"	"0.0"	"0"	"0"	"0.0"	"0"	"0"	"0.0"
"CHEBI:15846"	"C21H28N7O14P2+"	"C1=CC(=C[N+](=C1)C2C(C(C(O2)COP(=O)(O)OP(=O)(O)OCC3C(C(C(O3)N4C=NC5=C4N=CN=C5N)O)O)O)O)C(=O)N"	"InChI=1S/C21H27N7O14P2/c22-17-12-19(25-7-24-17)28(8-26-12)21-16(32)14(30)11(41-21)6-39-44(36,37)42-43(34,35)38-5-10-13(29)15(31)20(40-10)27-3-1-2-9(4-27)18(23)33/h1-4,7-8,10-11,13-16,20-21,29-32H,5-6H2,(H5-,22,23,24,25,33,34,35,36,37)/p+1/t10-,11-,13-,14-,15-,16-,20-,21-/m1/s1"	"NAD+"	"664.11439"	""	"[M+H]+"	"positive"	"12"	"NCBITAXON:http://purl.bioontology.org/ontology/NCBITAXON/9606"	"Homo sapiens"	""	""	"5:very good reliability"	""	""	""	""	""	""	"27800000"	"492291.5132"	"4.78E7"	"2.77E7"	"480517.6082"	"4.64E7"	"28800000"	"329494.0094"	"4.74E7"	"20200000"	"432035.1292"	"4.01E7"	"27800000"	"484063.7243"	"5.94E7"	"28100000"	"662113.6648"	"4.92E7"	"27500000"	"510655.0853"	"5.43E7"	"19900000"	"532145.1794"	"4.18E7"	"30300000"	"595545.0914"	"5.3E7"	"30000000"	"591050.6541"	"4.77E7"	"3.02E7"	"448197.3776"	"5.01E7"	"18800000"	"465678.9107"	"3.44E7"	"27900000"	"497296.3366"	"4.9E7"	"26500000"	"540779.7199"	"4.72E7"	"25900000"	"293901.1772"	"4.99E7"	"17800000"	"454524.4878"	"3.35E7"
"CHEBI:18009"	"C21H29N7O17P3+"	"C1=CC(=C[N+](=C1)C2C(C(C(O2)COP(=O)(O)OP(=O)(O)OCC3C(C(C(O3)N4C=NC5=C4N=CN=C5N)OP(=O)(O)O)O)O)O)C(=O)N"	"InChI=1S/C21H28N7O17P3/c22-17-12-19(25-7-24-17)28(8-26-12)21-16(44-46(33,34)35)14(30)11(43-21)6-41-48(38,39)45-47(36,37)40-5-10-13(29)15(31)20(42-10)27-3-1-2-9(4-27)18(23)32/h1-4,7-8,10-11,13-16,20-21,29-31H,5-6H2,(H7-,22,23,24,25,32,33,34,35,36,37,38,39)/p+1/t10-,11-,13-,14-,15-,16-,20-,21-/m1/s1"	"NADP+"	"744.08094"	""	"[M+H]+"	"positive"	"14.5"	"NCBITAXON:http://purl.bioontology.org/ontology/NCBITAXON/9606"	"Homo sapiens"	""	""	"5:very good reliability"	""	""	""	""	""	""	"4677596.674"	"3237.581369"	"6570000.0"	"5010000.0"	"0"	"9400000.0"	"5164075.739"	"3423.118016"	"9290000.0"	"6463858.378"	"0"	"9920000.0"	"4711579.316"	"2945.262369"	"8450000.0"	"6863662.375"	"3563.782984"	"7850000.0"	"4630220.912"	"0"	"7820000.0"	"4063681.104"	"0"	"1.0E7"	"4963751.019"	"12842.34147"	"7650000.0"	"7322909.825"	"10086.56301"	"9940000.0"	"6390000.0"	"0"	"9350000.0"	"5457775.264"	"6578.511764"	"8200000.0"	"4684833.209"	"5843.848618"	"8070000.0"	"5156044.614"	"0"	"8560000.0"	"4729361.526"	"0"	"8740000.0"	"4415489.398"	"4656.981635"	"6390000.0"
"CHEBI:17154"	"C6H6N2O"	"C1=CC(=CN=C1)C(=O)N"	"InChI=1S/C6H6N2O/c7-6(9)5-2-1-3-8-4-5/h1-4H,(H2,7,9)"	"Nicotinamide"	"123.05481"	""	"[M+H]+"	"positive"	"4.8"	"NCBITAXON:http://purl.bioontology.org/ontology/NCBITAXON/9606"	"Homo sapiens"	""	""	"5:very good reliability"	""	""	""	""	""	""	"43800000"	"4393701.878"	"5.26E7"	"3.85E7"	"1546681.588"	"5.48E7"	"52600000"	"1866210.345"	"6.4E7"	"36200000"	"1632885.422"	"5.24E7"	"42000000"	"2157246.75"	"6.26E7"	"51700000"	"2912254.069"	"5.71E7"	"51300000"	"2673125.69"	"6.52E7"	"45600000"	"2088814.713"	"6.3E7"	"53000000"	"2377287.644"	"6.81E7"	"55600000"	"3573934.137"	"6.24E7"	"5.92E7"	"3369100.986"	"7.22E7"	"45100000"	"2262012.523"	"5.93E7"	"54800000"	"2920885.217"	"7.1E7"	"57900000"	"3402229.742"	"7.16E7"	"56900000"	"2851299.811"	"6.7E7"	"49200000"	"4603967.208"	"6.85E7"
"CHEBI:16454"	"C9H16NO5-"	"CC(C)(CO)C(O)C(=O)NCCC([O-])=O"	"InChI=1S/C9H17NO5/c1-9(2,5-11)7(14)8(15)10-4-3-6(12)13/h7,11,14H,3-5H2,1-2H3,(H,10,15)(H,12,13)/p-1"	"Pantothenate"	"220.11749"	""	"[M+H]+"	"positive"	"5.9"	"NCBITAXON:http://purl.bioontology.org/ontology/NCBITAXON/9606"	"Homo sapiens"	""	""	"5:very good reliability"	""	""	""	""	""	""	"14500000"	"10200000"	"1.6E7"	"1.02E7"	"2748529.911"	"1.47E7"	"6869055.055"	"1843811.71"	"9040000.0"	"6465913.441"	"3585547.957"	"7410000.0"	"13400000"	"8978253.73"	"1.59E7"	"11900000"	"3101785.255"	"1.27E7"	"5960263.804"	"3004744.744"	"8210000.0"	"6650575.955"	"3701263.901"	"8880000.0"	"13100000"	"8270895.031"	"1.54E7"	"10600000"	"3500092.229"	"1.38E7"	"7130000.0"	"3077257.186"	"8830000.0"	"6442622.642"	"3541728.336"	"6420000.0"	"12300000"	"8156608.19"	"1.55E7"	"11300000"	"4794970.894"	"1.66E7"	"6666156.416"	"3465628.883"	"8740000.0"	"5763282.127"	"3777651.432"	"6820000.0"
"CHEBI:29062"	"C16H25N5O16P2"	""	""	"GDP-glucose"	"606.08289"	""	"[M+H]+"	"positive"	"15.5"	"NCBITAXON:http://purl.bioontology.org/ontology/NCBITAXON/9606"	"Homo sapiens"	""	""	"5:very good reliability"	""	""	""	""	""	""	"4672105.68"	"302622.6822"	"3880000.0"	"3580000.0"	"235299.7772"	"3570000.0"	"4585614.528"	"155643.2398"	"3890000.0"	"4505999.644"	"149367.1874"	"3760000.0"	"5115113.255"	"270282.5137"	"4780000.0"	"3905739.975"	"282399.6552"	"3800000.0"	"4837321.171"	"212269.7189"	"3890000.0"	"4793187.06"	"126109.8834"	"4340000.0"	"4416870.546"	"382755.4707"	"4880000.0"	"4752269.457"	"296705.4674"	"4340000.0"	"4470000.0"	"229806.698"	"3820000.0"	"3989173.344"	"193893.4582"	"3820000.0"	"4094995.966"	"271472.0408"	"3790000.0"	"5756696.104"	"301045.1863"	"4280000.0"	"4321599.856"	"201903.8026"	"3900000.0"	"3869134.982"	"191899.1107"	"3800000.0"
"CHEBI:5417"	"C6H13NO5"	""	""	"Glucosamine"	"180.08617"	""	"[M+H]+"	"positive"	"11.6"	"NCBITAXON:http://purl.bioontology.org/ontology/NCBITAXON/9606"	"Homo sapiens"	""	""	"5:very good reliability"	""	""	""	""	""	""	"15900000"	"16300000"	"1.18E7"	"1.42E7"	"15100000"	"1.35E7"	"16000000"	"15100000"	"1.5E7"	"14700000"	"15400000"	"9760000.0"	"11500000"	"14500000"	"1.19E7"	"14600000"	"14600000"	"1.16E7"	"13600000"	"15300000"	"1.14E7"	"13100000"	"13800000"	"1.25E7"	"13000000"	"17100000"	"1.3E7"	"16300000"	"16100000"	"1.29E7"	"1.5E7"	"14200000"	"1.42E7"	"11600000"	"13100000"	"1.05E7"	"15500000"	"17300000"	"1.38E7"	"14700000"	"17200000"	"1.29E7"	"12700000"	"16900000"	"1.36E7"	"13700000"	"15700000"	"1.06E7"
"CHEBI:506227"	"C8H15NO6"	"CC(=O)NC1C(C(C(OC1O)CO)O)O"	"InChI=1S/C8H15NO6/c1-3(11)9-5-7(13)6(12)4(2-10)15-8(5)14/h4-8,10,12-14H,2H2,1H3,(H,9,11)/t4-,5-,6-,7-,8?/m1/s1"	"N-Acetyl-D-glucosamine"	"222.09668"	""	"[M+H]+"	"positive"	"9.6"	"NCBITAXON:http://purl.bioontology.org/ontology/NCBITAXON/9606"	"Homo sapiens"	""	""	"5:very good reliability"	""	""	""	""	""	""	"21600000"	"1480960.456"	"3.17E7"	"3.13E7"	"878283.3064"	"4.4E7"	"20700000"	"870002.5639"	"2.92E7"	"20900000"	"768411.1649"	"2.84E7"	"21400000"	"894945.0963"	"3.18E7"	"34400000"	"1554815.598"	"3.87E7"	"20700000"	"853953.584"	"2.97E7"	"20700000"	"1598763.709"	"3.25E7"	"23500000"	"1705569.844"	"3.35E7"	"34400000"	"818790.6063"	"4.3E7"	"2.1E7"	"845656.6906"	"3.12E7"	"21700000"	"783216.3145"	"2.86E7"	"22000000"	"776481.1144"	"3.22E7"	"29200000"	"787294.1177"	"4.35E7"	"19400000"	"805401.4845"	"2.84E7"	"17900000"	"907817.4573"	"2.88E7"
"CHEBI:29016"	"C6H14N4O2"	"C(CC(C(=O)O)N)CN=C(N)N"	"InChI=1S/C6H14N4O2/c7-4(5(11)12)2-1-3-10-6(8)9/h4H,1-3,7H2,(H,11,12)(H4,8,9,10)/t4-/m1/s1"	"Arginine"	"175.11844"	""	"[M+H]+"	"positive"	"22.4"	"NCBITAXON:http://purl.bioontology.org/ontology/NCBITAXON/9606"	"Homo sapiens"	""	""	"5:very good reliability"	""	""	""	""	""	""	"125000000"	"139000000"	"7.44E7"	"1.09E8"	"112000000"	"7.58E7"	"144000000"	"121000000"	"9.57E7"	"92200000"	"108000000"	"5.81E7"	"108000000"	"128000000"	"7.89E7"	"123000000"	"126000000"	"7.21E7"	"114000000"	"140000000"	"8.4E7"	"91900000"	"113000000"	"6.97E7"	"111000000"	"144000000"	"7.75E7"	"131000000"	"140000000"	"9.13E7"	"1.25E8"	"121000000"	"9.22E7"	"102000000"	"98300000"	"6.89E7"	"115000000"	"132000000"	"8.09E7"	"136000000"	"152000000"	"9.28E7"	"116000000"	"120000000"	"9.92E7"	"105000000"	"137000000"	"6.93E7"
"CHEBI:27570"	"C6H9N3O2"	"NC(Cc1c[nH]cn1)C(O)=O"	"InChI=1S/C6H9N3O2/c7-5(6(10)11)1-4-2-8-3-9-4/h2-3,5H,1,7H2,(H,8,9)(H,10,11)"	"Histidine"	"156.07623"	""	"[M+H]+"	"positive"	"11.8"	"NCBITAXON:http://purl.bioontology.org/ontology/NCBITAXON/9606"	"Homo sapiens"	""	""	"5:very good reliability"	""	""	""	""	""	""	"40800000"	"46000000"	"4.02E7"	"3.97E7"	"49500000"	"4.37E7"	"43900000"	"46100000"	"4.4E7"	"39300000"	"45400000"	"4.09E7"	"36400000"	"44100000"	"4.23E7"	"41700000"	"48400000"	"4.41E7"	"44000000"	"48300000"	"4.65E7"	"40600000"	"50300000"	"3.99E7"	"46000000"	"47000000"	"4.19E7"	"43400000"	"45700000"	"4.9E7"	"4.58E7"	"50300000"	"4.27E7"	"38900000"	"47600000"	"3.74E7"	"35100000"	"45000000"	"3.96E7"	"40200000"	"48300000"	"3.77E7"	"43000000"	"41100000"	"3.9E7"	"34600000"	"45700000"	"3.72E7"
"CHEBI:28044"	"C9H11NO2"	"C1=CC=C(C=C1)CC(C(=O)O)N"	"InChI=1S/C9H11NO2/c10-8(9(11)12)6-7-4-2-1-3-5-7/h1-5,8H,6,10H2,(H,11,12)"	"Phenylalanine"	"166.08569"	""	"[M+H]+"	"positive"	"7.2"	"NCBITAXON:http://purl.bioontology.org/ontology/NCBITAXON/9606"	"Homo sapiens"	""	""	"5:very good reliability"	""	""	""	""	""	""	"158000000"	"145000000"	"1.52E8"	"1.65E8"	"184000000"	"1.69E8"	"182000000"	"151000000"	"1.7E8"	"172000000"	"186000000"	"1.65E8"	"130000000"	"137000000"	"1.25E8"	"186000000"	"157000000"	"1.36E8"	"163000000"	"178000000"	"1.33E8"	"164000000"	"165000000"	"1.52E8"	"133000000"	"150000000"	"1.34E8"	"173000000"	"169000000"	"1.6E8"	"1.59E8"	"166000000"	"1.51E8"	"163000000"	"151000000"	"1.44E8"	"127000000"	"145000000"	"1.4E8"	"172000000"	"203000000"	"1.84E8"	"155000000"	"161000000"	"1.54E8"	"171000000"	"210000000"	"1.6E8"
"CHEBI:27897"	"C11H12N2O2"	"C1=CC=C2C(=C1)C(=CN2)CC(C(=O)O)N"	"InChI=1S/C11H12N2O2/c12-9(11(14)15)5-7-6-13-10-4-2-1-3-8(7)10/h1-4,6,9,13H,5,12H2,(H,14,15)"	"Tryptophan"	"205.09657"	""	"[M+H]+"	"positive"	"8.7"	"NCBITAXON:http://purl.bioontology.org/ontology/NCBITAXON/9606"	"Homo sapiens"	""	""	"5:very good reliability"	""	""	""	""	""	""	"95700000"	"134000000"	"6.69E7"	"8.55E7"	"121000000"	"6.3E7"	"103000000"	"147000000"	"7.93E7"	"89700000"	"138000000"	"5.37E7"	"83900000"	"126000000"	"4.96E7"	"89400000"	"128000000"	"5.87E7"	"95300000"	"150000000"	"6.11E7"	"82900000"	"125000000"	"4.84E7"	"79900000"	"114000000"	"5.04E7"	"88400000"	"119000000"	"6.32E7"	"9.62E7"	"142000000"	"6.59E7"	"71100000"	"97700000"	"4.4E7"	"59100000"	"94100000"	"4.76E7"	"79600000"	"136000000"	"5.85E7"	"79800000"	"127000000"	"5.98E7"	"72200000"	"137000000"	"4.56E7"
"CHEBI:18186"	"C9H11NO3"	"C1=CC(=CC=C1CC(C(=O)O)N)O"	"InChI=1S/C9H11NO3/c10-8(9(12)13)5-6-1-3-7(11)4-2-6/h1-4,8,11H,5,10H2,(H,12,13)"	"Tyrosine"	"182.08061"	""	"[M+H]+"	"positive"	"10.3"	"NCBITAXON:http://purl.bioontology.org/ontology/NCBITAXON/9606"	"Homo sapiens"	""	""	"5:very good reliability"	""	""	""	""	""	""	"48100000"	"40700000"	"4.71E7"	"3.97E7"	"32600000"	"4.12E7"	"52500000"	"39500000"	"4.62E7"	"42600000"	"36800000"	"4.04E7"	"40200000"	"35900000"	"3.84E7"	"37400000"	"30200000"	"3.29E7"	"43200000"	"41900000"	"4.22E7"	"35800000"	"33900000"	"4.1E7"	"36100000"	"36200000"	"3.39E7"	"35900000"	"29800000"	"3.35E7"	"3.81E7"	"32400000"	"3.65E7"	"32100000"	"25300000"	"2.95E7"	"26600000"	"26800000"	"2.97E7"	"31500000"	"30600000"	"3.39E7"	"30700000"	"28900000"	"3.45E7"	"33500000"	"36200000"	"3.6E7"
"CHEBI:17750"	"C5H11NO2"	"C[N+](C)(C)CC(=O)[O-]"	"InChI=1S/C5H11NO2/c1-6(2,3)4-5(7)8/h4H2,1-3H3"	"Betaine"	"118.08574"	""	"[M+H]+"	"positive"	"8.6"	"NCBITAXON:http://purl.bioontology.org/ontology/NCBITAXON/9606"	"Homo sapiens"	""	""	"5:very good reliability"	""	""	""	""	""	""	"200000000"	"174000000"	"2.08E8"	"1.89E8"	"158000000"	"1.96E8"	"188000000"	"154000000"	"1.89E8"	"224000000"	"176000000"	"2.42E8"	"204000000"	"180000000"	"1.92E8"	"198000000"	"155000000"	"1.8E8"	"167000000"	"165000000"	"1.73E8"	"218000000"	"173000000"	"2.52E8"	"204000000"	"189000000"	"2.11E8"	"205000000"	"164000000"	"2.01E8"	"1.79E8"	"166000000"	"1.88E8"	"223000000"	"157000000"	"2.39E8"	"201000000"	"195000000"	"2.04E8"	"187000000"	"188000000"	"2.15E8"	"171000000"	"149000000"	"1.95E8"	"196000000"	"157000000"	"2.54E8"
"CHEBI:1941"	"C7H16NO2+"	"C[N+](C)(C)CCCC(=O)O"	"InChI=1S/C7H15NO2/c1-8(2,3)6-4-5-7(9)10/h4-6H2,1-3H3/p+1"	"Butyro-betaine"	"146.11711"	""	"[M+H]+"	"positive"	"11"	"NCBITAXON:http://purl.bioontology.org/ontology/NCBITAXON/9606"	"Homo sapiens"	""	""	"5:very good reliability"	""	""	""	""	""	""	"22400000"	"6581891.341"	"3.53E7"	"2.78E7"	"6655059.627"	"4.69E7"	"27000000"	"6074800.559"	"3.4E7"	"39800000"	"4394241.87"	"7.03E7"	"23800000"	"6804000.419"	"3.8E7"	"33000000"	"6106341.748"	"4.4E7"	"25000000"	"7413096.418"	"3.79E7"	"37000000"	"4210277.23"	"7.48E7"	"27300000"	"7713602.848"	"3.51E7"	"31600000"	"6703434.143"	"4.65E7"	"2.64E7"	"5752062.378"	"3.3E7"	"37800000"	"3591627.653"	"6.13E7"	"22300000"	"6051948.285"	"3.49E7"	"27800000"	"6217839.561"	"4.31E7"	"21800000"	"6710358.172"	"3.08E7"	"29100000"	"4253039.324"	"6.43E7"
"CHEBI:17929"	"C8H18N4O2"	"CN(C)C(=NCCCC(C(=O)O)N)N"	"InChI=1S/C8H18N4O2/c1-12(2)8(10)11-5-3-4-6(9)7(13)14/h6H,3-5,9H2,1-2H3,(H2,10,11)(H,13,14)/t6-/m0/s1"	"Dimethyl-arginine"	"203.1497"	""	"[M+H]+"	"positive"	"18.4"	"NCBITAXON:http://purl.bioontology.org/ontology/NCBITAXON/9606"	"Homo sapiens"	""	""	"5:very good reliability"	""	""	""	""	""	""	"18200000"	"18000000"	"1.36E7"	"1.84E7"	"19800000"	"1.86E7"	"19800000"	"17200000"	"1.81E7"	"21100000"	"20600000"	"1.51E7"	"13700000"	"17000000"	"1.62E7"	"21800000"	"20500000"	"1.61E7"	"20200000"	"22200000"	"1.75E7"	"18400000"	"19800000"	"1.8E7"	"17700000"	"20100000"	"1.55E7"	"24100000"	"26000000"	"1.9E7"	"2.26E7"	"24300000"	"2.25E7"	"20600000"	"17900000"	"1.75E7"	"15700000"	"17500000"	"1.54E7"	"24300000"	"29200000"	"2.08E7"	"22100000"	"24100000"	"2.47E7"	"18700000"	"20500000"	"1.37E7"
"CHEBI:43997"	"C8H18N2O2"	"CN(C)CCCCC(C(=O)O)N"	"InChI=1S/C8H18N2O2/c1-10(2)6-4-3-5-7(9)8(11)12/h7H,3-6,9H2,1-2H3,(H,11,12)/t7-/m0/s1"	"Dimethyl-lysine"	"175.1436"	""	"[M+H]+"	"positive"	"17.6"	"NCBITAXON:http://purl.bioontology.org/ontology/NCBITAXON/9606"	"Homo sapiens"	""	""	"5:very good reliability"	""	""	""	""	""	""	"6284624.073"	"9631763.168"	"3650000.0"	"2670000.0"	"4485565.151"	"2120000.0"	"3300563.709"	"4772527.138"	"2460000.0"	"1756547.456"	"2724628.219"	"1100000.0"	"4933004.658"	"8255401.682"	"3500000.0"	"2944978.712"	"4010209.03"	"1660000.0"	"3536738.828"	"5858168.074"	"2190000.0"	"1611487.629"	"2623110.607"	"1250000.0"	"5573264.317"	"9234581.273"	"3460000.0"	"2936110.077"	"4125106.975"	"1900000.0"	"3610000.0"	"4815368.944"	"2730000.0"	"1987136.241"	"2440134.918"	"1260000.0"	"4967854.963"	"8218548.782"	"3520000.0"	"2617098.504"	"4377646.417"	"2030000.0"	"3773372.221"	"5519491.719"	"3110000.0"	"2285516.14"	"3566872.028"	"1440000.0"
"CHEBI:35280"	"C7H13NO2"	"C[N+]1(CCCC1C(=O)[O-])C"	"InChI=1S/C7H13NO2/c1-8(2)5-3-4-6(8)7(9)10/h6H,3-5H2,1-2H3/t6-/m0/s1"	"Dimethyl-proline (stachydrine)"	"144.10132"	""	"[M+H]+"	"positive"	"8"	"NCBITAXON:http://purl.bioontology.org/ontology/NCBITAXON/9606"	"Homo sapiens"	""	""	"5:very good reliability"	""	""	""	""	""	""	"83200000"	"39500000"	"1.23E8"	"6.95E7"	"23300000"	"1.0E8"	"78500000"	"23900000"	"1.11E8"	"181000000"	"49500000"	"2.67E8"	"88000000"	"40500000"	"1.18E8"	"76000000"	"17900000"	"9.82E7"	"76300000"	"26200000"	"1.16E8"	"177000000"	"48700000"	"3.13E8"	"84000000"	"40600000"	"1.24E8"	"78300000"	"21500000"	"1.04E8"	"8.21E7"	"25000000"	"1.14E8"	"179000000"	"44900000"	"2.64E8"	"71800000"	"27100000"	"1.1E8"	"57300000"	"17600000"	"9.83E7"	"66300000"	"17800000"	"1.04E8"	"149000000"	"43100000"	"2.72E8"
"CHEBI:70960|CHEBI:70958|CHEBI:70959|CHEBI:50601|CHEBI:70961"	"C7H11N3O2"	"CC(N)(Cc1cnc[nH]1)C(O)=O|Cn1cnc(CC(N)C(O)=O)c1|Cn1cncc1CC(N)C(O)=O|CN[C@@H](Cc1c[nH]cn1)C(O)=O|COC(=O)C(N)Cc1cnc[nH]1"	"InChI=1S/C7H11N3O2/c1-7(8,6(11)12)2-5-3-9-4-10-5/h3-4H,2,8H2,1H3,(H,9,10)(H,11,12)|InChI=1S/C7H11N3O2/c1-10-3-5(9-4-10)2-6(8)7(11)12/h3-4,6H,2,8H2,1H3,(H,11,12)|InChI=1S/C7H11N3O2/c1-8-6(7(11)12)2-5-3-9-4-10-5/h3-4,6,8H,2H2,1H3,(H,9,10)(H,11,12)/t6-/m0/s1|InChI=1S/C7H11N3O2/c1-12-7(11)6(8)2-5-3-9-4-10-5/h3-4,6H,2,8H2,1H3,(H,9,10)"	"Methyl-histidine"	"170.09182"	""	"[M+H]+"	"positive"	"9.8"	"NCBITAXON:http://purl.bioontology.org/ontology/NCBITAXON/9606"	"Homo sapiens"	""	""	"5:very good reliability"	""	""	""	""	""	""	"27500000"	"29000000"	"2.45E7"	"1.95E7"	"19100000"	"1.9E7"	"19000000"	"17700000"	"1.73E7"	"13200000"	"14900000"	"1.13E7"	"25400000"	"27400000"	"2.3E7"	"20300000"	"18700000"	"1.56E7"	"17200000"	"19400000"	"1.67E7"	"14300000"	"15400000"	"1.26E7"	"26600000"	"28300000"	"2.27E7"	"20000000"	"19000000"	"1.62E7"	"1.85E7"	"19100000"	"1.71E7"	"14900000"	"14000000"	"1.28E7"	"16400000"	"18900000"	"1.64E7"	"14100000"	"17400000"	"1.39E7"	"19600000"	"20500000"	"1.98E7"	"14700000"	"20700000"	"1.5E7"
"CHEBI:64349"	"C7H16N2O2"	"CNCCCCC(C(=O)O)N"	"InChI=1S/C7H16N2O2/c1-9-5-3-2-4-6(8)7(10)11/h6,9H,2-5,8H2,1H3,(H,10,11)"	"Methyl-lysine"	"161.12796"	""	"[M+H]+"	"positive"	"20.4"	"NCBITAXON:http://purl.bioontology.org/ontology/NCBITAXON/9606"	"Homo sapiens"	""	""	"5:very good reliability"	""	""	""	""	""	""	"30500000"	"32600000"	"2.22E7"	"5310000.0"	"5968132.598"	"4050000.0"	"9464859.731"	"9219111.203"	"6590000.0"	"4198934.305"	"5612040.168"	"2540000.0"	"25600000"	"29200000"	"2.43E7"	"6073886.583"	"6711824.454"	"3720000.0"	"8519587.341"	"12100000"	"6020000.0"	"4602650.057"	"5898689.791"	"2810000.0"	"27700000"	"36900000"	"2.37E7"	"6673990.515"	"7047623.037"	"4360000.0"	"9530000.0"	"11300000"	"8210000.0"	"5002796.727"	"4888195.306"	"3220000.0"	"27800000"	"33700000"	"2.45E7"	"5778782.85"	"8976624.606"	"5000000.0"	"9268084.029"	"11300000"	"8290000.0"	"5155185.163"	"7187206.373"	"3270000.0"
"CHEBI:90131"	"C10H17N3O2S+"	"[N+](C)(C(C(=O)[O-])CC=1NC(SC)=NC1)(C)C"	"InChI=1S/C10H17N3O2S/c1-13(2,3)8(9(14)15)5-7-6-11-10(12-7)16-4/h6,8H,5H2,1-4H3,(H-,11,12,14,15)"	"S-Methyl-ergothioneine"	"244.11053"	""	"[M+H]+"	"positive"	"7.9"	"NCBITAXON:http://purl.bioontology.org/ontology/NCBITAXON/9606"	"Homo sapiens"	""	""	"5:very good reliability"	""	""	""	""	""	""	"11100000"	"191687.8831"	"1.95E7"	"2750000.0"	"41164.15765"	"4590000.0"	"3605489.453"	"25470.82591"	"5450000.0"	"21800000"	"245344.3089"	"3.45E7"	"11600000"	"241505.543"	"2.0E7"	"2823893.736"	"46825.85972"	"4620000.0"	"3825786.929"	"9039.696459"	"6040000.0"	"23700000"	"200946.6445"	"3.67E7"	"13000000"	"236009.3635"	"2.18E7"	"3199799.471"	"22177.5249"	"4780000.0"	"3910000.0"	"42526.17441"	"6090000.0"	"21800000"	"305135.6608"	"3.31E7"	"12000000"	"187423.181"	"2.08E7"	"2238469.635"	"19380.61703"	"4660000.0"	"3039828.696"	"0"	"4950000.0"	"18200000"	"225785.9225"	"3.55E7"
"CHEBI:15781"	"C9H15N3O2"	"C[N+](C)(C)C(CC1=CN=CN1)C(=O)[O-]"	"InChI=1S/C9H15N3O2/c1-12(2,3)8(9(13)14)4-7-5-10-6-11-7/h5-6,8H,4H2,1-3H3,(H-,10,11,13,14)/t8-/m0/s1"	"Trimethyl-histidine (hercynine)"	"198.12309"	""	"[M+H]+"	"positive"	"9.8"	"NCBITAXON:http://purl.bioontology.org/ontology/NCBITAXON/9606"	"Homo sapiens"	""	""	"3:medium reliability"	""	""	""	""	""	""	"675173.7394"	"22191.14058"	"1100000.0"	"278000.0"	"17753.68237"	"492000.0"	"216182.1644"	"49498.25942"	"247000.0"	"1585430.969"	"43298.63056"	"3040000.0"	"658158.1121"	"43174.115"	"1190000.0"	"402315.5394"	"20174.65621"	"417000.0"	"176770.2446"	"4908.221993"	"355000.0"	"1752793.988"	"62781.08535"	"3350000.0"	"890982.4583"	"71598.31165"	"1210000.0"	"331550.361"	"14902.06624"	"448000.0"	"243000.0"	"8946.777021"	"360000.0"	"1830161.343"	"40777.25793"	"3230000.0"	"728733.7599"	"43433.6517"	"1350000.0"	"285867.2229"	"15501.1344"	"496000.0"	"170571.2834"	"0"	"312000.0"	"1297082.453"	"165362.3755"	"2970000.0"
"CHEBI:17311"	"C9H21N2O2+"	"C[N+](C)(C)CCCCC(C(=O)O)N"	"InChI=1S/C9H20N2O2/c1-11(2,3)7-5-4-6-8(10)9(12)13/h8H,4-7,10H2,1-3H3/p+1/t8-/m0/s1"	"Trimethyl-lysine"	"189.15921"	""	"[M+H]+"	"positive"	"19.3"	"NCBITAXON:http://purl.bioontology.org/ontology/NCBITAXON/9606"	"Homo sapiens"	""	""	"5:very good reliability"	""	""	""	""	""	""	"39500000"	"17100000"	"4.77E7"	"3.38E7"	"12900000"	"4.78E7"	"57400000"	"11700000"	"7.96E7"	"35700000"	"5927473.894"	"5.81E7"	"29300000"	"15400000"	"5.21E7"	"43500000"	"11600000"	"4.19E7"	"49300000"	"13300000"	"7.26E7"	"36200000"	"5665148.368"	"6.5E7"	"32400000"	"13100000"	"4.56E7"	"37400000"	"9344087.267"	"5.0E7"	"5.54E7"	"10500000"	"8.54E7"	"38600000"	"4594441.986"	"5.67E7"	"29600000"	"6692361.849"	"4.75E7"	"31900000"	"8449979.15"	"4.66E7"	"59200000"	"17200000"	"8.23E7"	"33900000"	"7827254.052"	"4.97E7"
"CHEBI:90135|CHEBI:90138"	"C12H17NO2"	"OC(=O)C(N)CC1=C(C=C(C=C1C)C)C|C(C(CC1=CC=CC=C1)[N+](C)(C)C)([O-])=O"	"InChI=1S/C12H17NO2/c1-7-4-8(2)10(9(3)5-7)6-11(13)12(14)15/h4-5,11H,6,13H2,1-3H3,(H,14,15)|InChI=1S/C12H17NO2/c1-13(2,3)11(12(14)15)9-10-7-5-4-6-8-10/h4-8,11H,9H2,1-3H3"	"Trimethyl-phenylalanine"	"208.13272"	""	"[M+H]+"	"positive"	"5.5"	"NCBITAXON:http://purl.bioontology.org/ontology/NCBITAXON/9606"	"Homo sapiens"	""	""	"3:medium reliability"	""	""	""	""	""	""	"12200000"	"5510726.951"	"1.71E7"	"314000.0"	"37933.60037"	"376000.0"	"77277.3012"	"10929.29787"	"163000.0"	"7102976.32"	"2082891.063"	"1.27E7"	"11600000"	"6438907.187"	"1.5E7"	"299669.2757"	"52744.99031"	"305000.0"	"68560.78925"	"32728.60663"	"93900.0"	"7806879.429"	"1974190.777"	"1.27E7"	"12400000"	"5570905.247"	"1.72E7"	"265143.6314"	"61737.85183"	"396000.0"	"71700.0"	"4912.368865"	"121000.0"	"8014315.928"	"2195867.406"	"1.09E7"	"11600000"	"4333088.053"	"1.67E7"	"276419.422"	"45978.20579"	"415000.0"	"96261.98344"	"8925.557292"	"107000.0"	"6878245.515"	"2352394.919"	"1.14E7"
"CHEBI:5832"	"C14H18N2O2"	"C[N+](C)(C)[C@@H](Cc1c[nH]c2ccccc12)C([O-])=O"	"InChI=1S/C14H18N2O2/c1-16(2,3)13(14(17)18)8-10-9-15-12-7-5-4-6-11(10)12/h4-7,9,13,15H,8H2,1-3H3/t13-/m0/s1"	"Trimethyl-tryptophan (hypaphorine)"	"247.14347"	""	"[M+H]+"	"positive"	"6"	"NCBITAXON:http://purl.bioontology.org/ontology/NCBITAXON/9606"	"Homo sapiens"	""	""	"5:very good reliability"	""	""	""	""	""	""	"47500000"	"7284731.681"	"7.08E7"	"7.38E7"	"7513695.605"	"1.12E8"	"148000000"	"30400000"	"2.15E8"	"423000000"	"62100000"	"6.77E8"	"39800000"	"8117389.952"	"6.16E7"	"96800000"	"7034067.076"	"8.29E7"	"146000000"	"35400000"	"1.45E8"	"439000000"	"53300000"	"6.23E8"	"47400000"	"6752127.56"	"7.79E7"	"76200000"	"7596264.571"	"9.92E7"	"1.18E8"	"28700000"	"1.58E8"	"436000000"	"73400000"	"5.71E8"	"48000000"	"10900000"	"6.96E7"	"70000000"	"6919857.752"	"1.05E8"	"126000000"	"20200000"	"1.58E8"	"339000000"	"71400000"	"5.66E8"
"CHEBI:90141|CHEBI:90142"	"C12H17NO3"	"C(C(CC1=CC=C(C=C1)O)[N+](C)(C)C)([O-])=O|O(C1=C(C(=C(CC(N)C(O)=O)C=C1)C)C)C"	"InChI=1S/C12H17NO3/c1-13(2,3)11(12(15)16)8-9-4-6-10(14)7-5-9/h4-7,11H,8H2,1-3H3,(H-,14,15,16)|InChI=1S/C12H17NO3/c1-7-8(2)11(16-3)5-4-9(7)6-10(13)12(14)15/h4-5,10H,6,13H2,1-3H3,(H,14,15)"	"Trimethyl-tyrosine"	"224.12774"	""	"[M+H]+"	"positive"	"7.5"	"NCBITAXON:http://purl.bioontology.org/ontology/NCBITAXON/9606"	"Homo sapiens"	""	""	"3:medium reliability"	""	""	""	""	""	""	"160593.2085"	"2752.511723"	"112000.0"	"22700.0"	"0"	"0.0"	"9830.716555"	"0"	"10500.0"	"4334446.108"	"140155.5721"	"5240000.0"	"140836.8406"	"3641.673398"	"152000.0"	"17447.38273"	"0"	"16700.0"	"9416.575875"	"0"	"0.0"	"4411284.568"	"139405.2835"	"5620000.0"	"139935.9071"	"0"	"145000.0"	"5972.548904"	"0"	"16100.0"	"5200.0"	"0"	"0.0"	"4429735.769"	"176645.4987"	"5950000.0"	"141766.0782"	"9862.316332"	"126000.0"	"19382.93161"	"3979.059956"	"12800.0"	"0"	"0"	"9460.0"	"3938848.514"	"182418.7496"	"4780000.0"
"CHEBI:84056|CHEBI:90094"	"C8H15NO3"	"CCC(C)C(C(=O)O)NC(=O)C|C(CC(C)C)(NC(=O)C)C(O)=O"	"InChI=1S/C8H15NO3/c1-4-5(2)7(8(11)12)9-6(3)10/h5,7H,4H2,1-3H3,(H,9,10)(H,11,12)|InChI=1S/C8H15NO3/c1-5(2)4-7(8(11)12)9-6(3)10/h5,7H,4H2,1-3H3,(H,9,10)(H,11,12)"	"N-Acetyl-(iso)leucine"	"174.11211"	""	"[M+H]+"	"positive"	"4"	"NCBITAXON:http://purl.bioontology.org/ontology/NCBITAXON/9606"	"Homo sapiens"	""	""	"5:very good reliability"	""	""	""	""	""	""	"173432.0954"	"669565.3415"	"608000.0"	"330000.0"	"388184.4328"	"269000.0"	"122833.7709"	"198149.72"	"380000.0"	"322751.2494"	"190378.1672"	"287000.0"	"519940.3903"	"663473.007"	"322000.0"	"213950.4346"	"330190.8601"	"142000.0"	"316351.3052"	"202423.4852"	"257000.0"	"326734.0805"	"353837.8414"	"337000.0"	"522491.7783"	"520782.7777"	"364000.0"	"195344.4845"	"107471.7314"	"217000.0"	"454000.0"	"157750.7172"	"347000.0"	"400246.945"	"449555.8364"	"232000.0"	"436401.0257"	"548069.6187"	"482000.0"	"265613.741"	"317719.5686"	"120000.0"	"422418.667"	"168721.6322"	"321000.0"	"344996.0538"	"417266.5395"	"312000.0"
"CHEBI:40521"	"C8H16N4O3"	"CC(=O)NC(CCCN=C(N)N)C(=O)O"	"InChI=1S/C8H16N4O3/c1-5(13)12-6(7(14)15)3-2-4-11-8(9)10/h6H,2-4H2,1H3,(H,12,13)(H,14,15)(H4,9,10,11)/t6-/m0/s1"	"N-Acetyl-arginine"	"217.12902"	""	"[M+H]+"	"positive"	"12.4"	"NCBITAXON:http://purl.bioontology.org/ontology/NCBITAXON/9606"	"Homo sapiens"	""	""	"5:very good reliability"	""	""	""	""	""	""	"880217.957"	"2015171.974"	"368000.0"	"610000.0"	"1385796.023"	"532000.0"	"599979.9624"	"1165751.55"	"438000.0"	"342690.1564"	"1161925.701"	"119000.0"	"706763.444"	"1750060.506"	"388000.0"	"644683.6404"	"951594.2162"	"523000.0"	"662647.7823"	"1428248.48"	"414000.0"	"317996.5712"	"1233968.754"	"59600.0"	"827668.6506"	"1844477.729"	"362000.0"	"540643.1928"	"975691.5015"	"490000.0"	"755000.0"	"1448177.483"	"443000.0"	"192241.2622"	"1211691.086"	"120000.0"	"608997.2679"	"1923939.828"	"350000.0"	"681621.2056"	"1166366.444"	"621000.0"	"786379.5355"	"1345421.301"	"512000.0"	"343195.9808"	"1641086.924"	"128000.0"
"CHEBI:87274"	"C7H9NO5-2"	"CC(=O)NC(CCC([O-])=O)C([O-])=O"	"InChI=1S/C7H11NO5/c1-4(9)8-5(7(12)13)2-3-6(10)11/h5H,2-3H2,1H3,(H,8,9)(H,10,11)(H,12,13)/p-2"	"N-Acetyl-glutamate"	"190.0705"	""	"[M+H]+"	"positive"	"11.6"	"NCBITAXON:http://purl.bioontology.org/ontology/NCBITAXON/9606"	"Homo sapiens"	""	""	"5:very good reliability"	""	""	""	""	""	""	"1022877.123"	"320919.3814"	"261000.0"	"266000.0"	"526350.9994"	"353000.0"	"366400.825"	"364138.8979"	"274000.0"	"474664.9615"	"128296.0405"	"195000.0"	"756419.576"	"269599.6847"	"387000.0"	"312921.3345"	"211111.2117"	"246000.0"	"414236.8101"	"363421.4324"	"395000.0"	"349708.2466"	"63273.51168"	"92300.0"	"719898.0051"	"206775.0492"	"214000.0"	"266906.658"	"195094.0432"	"268000.0"	"438000.0"	"332080.2811"	"232000.0"	"400075.7534"	"106481.0103"	"313000.0"	"1906904.515"	"855974.4842"	"1370000.0"	"871233.2193"	"908277.7728"	"900000.0"	"864336.4984"	"966955.4225"	"722000.0"	"511932.8346"	"121961.3247"	"129000.0"
"CHEBI:16543"	"C7H14N2O3"	"CC(=O)NC(CCCN)C(=O)O"	"InChI=1S/C7H14N2O3/c1-5(10)9-6(7(11)12)3-2-4-8/h6H,2-4,8H2,1H3,(H,9,10)(H,11,12)/t6-/m0/s1"	"N-Acetyl-ornithine"	"175.1073"	""	"[M+H]+"	"positive"	"11.2"	"NCBITAXON:http://purl.bioontology.org/ontology/NCBITAXON/9606"	"Homo sapiens"	""	""	"5:very good reliability"	""	""	""	""	""	""	"579519.6371"	"502228.5651"	"906000.0"	"816000.0"	"693337.3208"	"935000.0"	"311415.2708"	"378447.7438"	"490000.0"	"266640.1734"	"255648.0386"	"533000.0"	"540232.9984"	"362034.3534"	"1170000.0"	"708840.6661"	"685017.4452"	"1880000.0"	"407049.5926"	"304696.9934"	"1210000.0"	"245501.2404"	"199074.9219"	"612000.0"	"587184.8651"	"440379.1181"	"876000.0"	"558866.7498"	"519699.7918"	"1160000.0"	"377000.0"	"190255.025"	"590000.0"	"186673.3484"	"319192.0355"	"725000.0"	"446963.5916"	"314153.4297"	"504000.0"	"380441.43"	"340992.8193"	"577000.0"	"225643.9511"	"161789.9244"	"339000.0"	"252565.2096"	"240649.518"	"836000.0"
"CHEBI:35704"	"C8H16N2O3"	"CC(=O)NC(CCCCN)C(=O)O"	"InChI=1S/C8H16N2O3/c1-6(11)10-7(8(12)13)4-2-3-5-9/h7H,2-5,9H2,1H3,(H,10,11)(H,12,13)/t7-/m0/s1"	"N2-Acetyl-lysine"	"189.12274"	""	"[M+H]+"	"positive"	"12.6"	"NCBITAXON:http://purl.bioontology.org/ontology/NCBITAXON/9606"	"Homo sapiens"	""	""	"5:very good reliability"	""	""	""	""	""	""	"530320.7628"	"538445.0734"	"445000.0"	"315000.0"	"467461.8691"	"548000.0"	"502137.2018"	"253727.1996"	"564000.0"	"314346.0129"	"239864.6573"	"332000.0"	"476770.2622"	"514764.6743"	"467000.0"	"357998.9967"	"205028.7272"	"392000.0"	"424198.7194"	"261457.0768"	"601000.0"	"271071.6746"	"264624.4581"	"365000.0"	"495771.859"	"528686.9455"	"442000.0"	"450366.6471"	"240848.6259"	"558000.0"	"449000.0"	"330188.6848"	"541000.0"	"338480.3098"	"277381.7847"	"367000.0"	"397389.2977"	"448075.5315"	"427000.0"	"412917.9526"	"242001.5335"	"573000.0"	"476053.7522"	"255160.1363"	"558000.0"	"328938.3398"	"378232.3047"	"284000.0"
"CHEBI:17752"	"C8H16N2O3"	"CC(=O)NCCCCC(C(=O)O)N"	"InChI=1S/C8H16N2O3/c1-6(11)10-5-3-2-4-7(9)8(12)13/h7H,2-5,9H2,1H3,(H,10,11)(H,12,13)/t7-/m0/s1"	"N6-Acetyl-lysine"	"189.12282"	""	"[M+H]+"	"positive"	"10.5"	"NCBITAXON:http://purl.bioontology.org/ontology/NCBITAXON/9606"	"Homo sapiens"	""	""	"5:very good reliability"	""	""	""	""	""	""	"524476.2556"	"560211.2285"	"326000.0"	"376000.0"	"476509.4892"	"347000.0"	"595263.1122"	"477149.4261"	"540000.0"	"311942.1853"	"332237.7833"	"242000.0"	"311613.1171"	"421045.6863"	"295000.0"	"365551.6091"	"360590.3276"	"219000.0"	"396036.0822"	"564198.4213"	"334000.0"	"306019.6489"	"284703.4729"	"427000.0"	"363833.8181"	"396330.2035"	"296000.0"	"315319.4664"	"364637.4385"	"246000.0"	"454000.0"	"519591.3424"	"384000.0"	"292946.6568"	"357925.2823"	"282000.0"	"272473.5143"	"299612.9723"	"309000.0"	"240599.2265"	"372085.8707"	"194000.0"	"386630.527"	"402392.2652"	"432000.0"	"369943.7411"	"386455.3066"	"329000.0"
"CHEBI:86392"	"C5H10N3O2-"	"NC(=N)NCCCC([O-])=O"	"InChI=1S/C5H11N3O2/c6-5(7)8-3-1-2-4(9)10/h1-3H2,(H,9,10)(H4,6,7,8)/p-1"	"4-Guanidinobutanoate"	"146.09189"	""	"[M+H]+"	"positive"	"12.6"	"NCBITAXON:http://purl.bioontology.org/ontology/NCBITAXON/9606"	"Homo sapiens"	""	""	"5:very good reliability"	""	""	""	""	""	""	"265405.8152"	"563954.3857"	"176000.0"	"396000.0"	"609692.8474"	"296000.0"	"416482.4227"	"618148.8833"	"286000.0"	"51719.90168"	"155772.4023"	"0.0"	"177228.7028"	"459757.8075"	"70900.0"	"494037.086"	"564968.6967"	"245000.0"	"341363.9136"	"579489.4474"	"179000.0"	"19881.82806"	"223354.0677"	"0.0"	"113250.6851"	"367141.3047"	"47000.0"	"257250.9067"	"422456.8055"	"208000.0"	"238000.0"	"433382.3621"	"119000.0"	"0"	"156302.0517"	"0.0"	"78771.75415"	"314812.011"	"112000.0"	"210541.9743"	"254212.341"	"198000.0"	"170021.3153"	"262727.7872"	"135000.0"	"14377.95298"	"308532.1038"	"84600.0"
"CHEBI:67249"	"C11H16N4O4"	"CC(=O)NCCC(=O)N[C@@H](Cc1cnc[nH]1)C(O)=O"	"InChI=1S/C11H16N4O4/c1-7(16)13-3-2-10(17)15-9(11(18)19)4-8-5-12-6-14-8/h5-6,9H,2-4H2,1H3,(H,12,14)(H,13,16)(H,15,17)(H,18,19)/t9-/m0/s1"	"Acetylcarnosine"	"269.12369"	""	"[M+H]+"	"positive"	"7.4"	"NCBITAXON:http://purl.bioontology.org/ontology/NCBITAXON/9606"	"Homo sapiens"	""	""	"5:very good reliability"	""	""	""	""	""	""	"1538369.834"	"2611100.019"	"471000.0"	"814000.0"	"1489283.235"	"313000.0"	"1411990.653"	"2465521.061"	"494000.0"	"303932.3275"	"1148385.905"	"39300.0"	"1281699.882"	"2650949.097"	"538000.0"	"825400.3218"	"1542056.383"	"346000.0"	"1406299.743"	"3310267.607"	"335000.0"	"500791.0553"	"1512836.742"	"59900.0"	"1269143.121"	"3358009.043"	"430000.0"	"589331.0313"	"1339611.955"	"248000.0"	"1330000.0"	"2578656.875"	"393000.0"	"271657.683"	"1067343.777"	"92600.0"	"1720507.583"	"3344465.021"	"605000.0"	"550761.9355"	"1440471.019"	"229000.0"	"1094626.117"	"2395044.158"	"449000.0"	"391106.2775"	"1393667.409"	"26800.0"
"CHEBI:15682"	"C10H17N4O6-"	"C(CC(C(=O)[O-])[NH3+])C[NH+]=C(N)NC(CC(=O)[O-])C(=O)[O-]"	"InChI=1S/C10H18N4O6/c11-5(8(17)18)2-1-3-13-10(12)14-6(9(19)20)4-7(15)16/h5-6H,1-4,11H2,(H,15,16)(H,17,18)(H,19,20)(H3,12,13,14)/p-1"	"Arginino-succinate"	"291.12944"	""	"[M+H]+"	"positive"	"14.2"	"NCBITAXON:http://purl.bioontology.org/ontology/NCBITAXON/9606"	"Homo sapiens"	""	""	"5:very good reliability"	""	""	""	""	""	""	"75422.80319"	"69486.41367"	"24300.0"	"21500.0"	"77048.96515"	"85700.0"	"141664.6866"	"97806.75188"	"126000.0"	"66850.40027"	"61733.05267"	"19300.0"	"51214.69026"	"74425.24199"	"18600.0"	"15791.60107"	"39074.2096"	"19500.0"	"80588.43749"	"88117.89859"	"54100.0"	"39427.90699"	"69937.31912"	"0.0"	"39709.96715"	"56805.6374"	"50800.0"	"109296.1616"	"139931.5672"	"29800.0"	"129000.0"	"150164.7602"	"104000.0"	"79338.21196"	"81611.52105"	"57200.0"	"73964.43777"	"63256.34009"	"0.0"	"145361.8101"	"86545.78565"	"50800.0"	"145618.2704"	"161151.0372"	"26400.0"	"91658.43068"	"106500.0265"	"44800.0"
"CHEBI:15727"	"C9H14N4O3"	"NCCC(=O)N[C@@H](Cc1c[nH]cn1)C(O)=O"	"InChI=1S/C9H14N4O3/c10-2-1-8(14)13-7(9(15)16)3-6-4-11-5-12-6/h4-5,7H,1-3,10H2,(H,11,12)(H,13,14)(H,15,16)/t7-/m0/s1"	"Carnosine"	"227.11338"	""	"[M+H]+"	"positive"	"12.9"	"NCBITAXON:http://purl.bioontology.org/ontology/NCBITAXON/9606"	"Homo sapiens"	""	""	"5:very good reliability"	""	""	""	""	""	""	"416419.5887"	"36631.63491"	"419000.0"	"193000.0"	"35178.74663"	"131000.0"	"224333.6639"	"15841.01794"	"137000.0"	"222747.3926"	"0"	"142000.0"	"468025.5314"	"16711.00702"	"457000.0"	"339728.7426"	"46821.74638"	"165000.0"	"215907.5512"	"27659.76875"	"151000.0"	"179908.1436"	"10427.8817"	"315000.0"	"520898.8258"	"29237.29504"	"470000.0"	"334808.1258"	"42805.20658"	"191000.0"	"125000.0"	"37825.32959"	"132000.0"	"219605.9007"	"0"	"162000.0"	"498513.4579"	"21209.96757"	"461000.0"	"258445.2035"	"41996.81066"	"184000.0"	"163419.9788"	"25400.37746"	"157000.0"	"260852.3679"	"10161.80714"	"212000.0"
"CHEBI:18211"	"C6H13N3O3"	"C(CC(C(=O)O)N)CNC(=O)N"	"InChI=1S/C6H13N3O3/c7-4(5(10)11)2-1-3-9-6(8)12/h4H,1-3,7H2,(H,10,11)(H3,8,9,12)"	"Citrulline"	"176.10245"	""	"[M+H]+"	"positive"	"13.1"	"NCBITAXON:http://purl.bioontology.org/ontology/NCBITAXON/9606"	"Homo sapiens"	""	""	"5:very good reliability"	""	""	""	""	""	""	"43000000"	"45800000"	"3.35E7"	"5.53E7"	"57900000"	"5.67E7"	"50500000"	"40300000"	"4.88E7"	"34800000"	"32300000"	"3.43E7"	"41300000"	"43600000"	"4.3E7"	"71200000"	"66300000"	"5.89E7"	"47100000"	"55300000"	"4.33E7"	"32200000"	"31200000"	"4.01E7"	"47500000"	"48800000"	"3.87E7"	"63500000"	"58100000"	"6.05E7"	"5.1E7"	"53800000"	"4.62E7"	"35800000"	"27800000"	"3.51E7"	"42600000"	"45100000"	"3.91E7"	"68200000"	"68200000"	"6.47E7"	"50200000"	"48500000"	"4.91E7"	"36600000"	"40900000"	"3.62E7"
"CHEBI:16919"	"C4H9N3O2"	"CN(CC(=O)O)C(=N)N"	"InChI=1S/C4H9N3O2/c1-7(4(5)6)2-3(8)9/h2H2,1H3,(H3,5,6)(H,8,9)"	"Creatine"	"132.07624"	""	"[M+H]+"	"positive"	"12.1"	"NCBITAXON:http://purl.bioontology.org/ontology/NCBITAXON/9606"	"Homo sapiens"	""	""	"5:very good reliability"	""	""	""	""	""	""	"184000000"	"39500000"	"2.22E8"	"3.14E8"	"71500000"	"3.85E8"	"259000000"	"34800000"	"3.06E8"	"273000000"	"86000000"	"3.07E8"	"161000000"	"37800000"	"2.3E8"	"334000000"	"71700000"	"3.97E8"	"255000000"	"40600000"	"3.26E8"	"279000000"	"67300000"	"3.23E8"	"201000000"	"32100000"	"2.14E8"	"324000000"	"62600000"	"3.94E8"	"2.53E8"	"55000000"	"3.04E8"	"268000000"	"68400000"	"3.05E8"	"168000000"	"22400000"	"2.15E8"	"314000000"	"63800000"	"3.79E8"	"261000000"	"52800000"	"3.01E8"	"254000000"	"81400000"	"3.12E8"
"CHEBI:606565"	"C9H8NO3-"	"[O-]C(=O)CNC(=O)c1ccccc1"	"InChI=1S/C9H9NO3/c11-8(12)6-10-9(13)7-4-2-1-3-5-7/h1-5H,6H2,(H,10,13)(H,11,12)/p-1"	"Hippurate"	"180.06519"	""	"[M+H]+"	"positive"	"4.4"	"NCBITAXON:http://purl.bioontology.org/ontology/NCBITAXON/9606"	"Homo sapiens"	""	""	"5:very good reliability"	""	""	""	""	""	""	"12400000"	"9301648.694"	"5810000.0"	"1.02E7"	"14900000"	"8390000.0"	"3810319.597"	"4623729.373"	"2850000.0"	"966864.0354"	"1116434.851"	"801000.0"	"7763352.842"	"8381647.476"	"6980000.0"	"12100000"	"108882.4386"	"8320000.0"	"3811411.594"	"5319004.551"	"2460000.0"	"1725920.04"	"2365360.099"	"751000.0"	"6470359.068"	"10500000"	"5390000.0"	"5565144.291"	"6623875.721"	"4170000.0"	"5150000.0"	"6740276.394"	"4030000.0"	"1998457.246"	"2472974.101"	"1260000.0"	"10800000"	"14100000"	"7530000.0"	"9033644.86"	"8005558.517"	"5970000.0"	"3816259.197"	"5433613.005"	"2530000.0"	"5027307.398"	"5247050.853"	"2480000.0"
"CHEBI:28683"	"C10H12N2O3"	"C1=CC=C(C(=C1)C(=O)CC(C(=O)O)N)N"	"InChI=1S/C10H12N2O3/c11-7-4-2-1-3-6(7)9(13)5-8(12)10(14)15/h1-4,8H,5,11-12H2,(H,14,15)"	"Kynurenine"	"209.09149"	""	"[M+H]+"	"positive"	"7.9"	"NCBITAXON:http://purl.bioontology.org/ontology/NCBITAXON/9606"	"Homo sapiens"	""	""	"5:very good reliability"	""	""	""	""	""	""	"4294823.916"	"4858472.999"	"2620000.0"	"3990000.0"	"5368143.89"	"2720000.0"	"3058268.282"	"4060706.076"	"2050000.0"	"2955373.388"	"4698894.91"	"1160000.0"	"3749906.893"	"5638021.021"	"2100000.0"	"4622863.252"	"5757397.22"	"2210000.0"	"3513154.747"	"5151131.52"	"1600000.0"	"3312081.582"	"5295797.507"	"1040000.0"	"3310298.4"	"6230541.23"	"2030000.0"	"3763254.152"	"4452857.777"	"2180000.0"	"3450000.0"	"5035923.043"	"1960000.0"	"2842225.607"	"4058474.728"	"1270000.0"	"3142426.489"	"4753507.449"	"1880000.0"	"3136425.245"	"5212074.976"	"2310000.0"	"2711668.812"	"4275089.623"	"1840000.0"	"2934915.076"	"5424805.664"	"1070000.0"
"CHEBI:17287"	"C4H10N3O5P"	"CN(CC(=O)O)C(=NP(=O)(O)O)N"	"InChI=1S/C4H10N3O5P/c1-7(2-3(8)9)4(5)6-13(10,11)12/h2H2,1H3,(H,8,9)(H4,5,6,10,11,12)"	"Phosphocreatine"	"212.04267"	""	"[M+H]+"	"positive"	"12.8"	"NCBITAXON:http://purl.bioontology.org/ontology/NCBITAXON/9606"	"Homo sapiens"	""	""	"5:very good reliability"	""	""	""	""	""	""	"1537764.109"	"1012164.095"	"1240000.0"	"1830000.0"	"793004.7673"	"2350000.0"	"2218087.465"	"973833.6535"	"2350000.0"	"2258277.416"	"878199.7555"	"2170000.0"	"1351879.024"	"953508.1382"	"1550000.0"	"2163248.124"	"836262.9916"	"1880000.0"	"1712438.555"	"1034975.267"	"2000000.0"	"1952567.162"	"904646.5855"	"2840000.0"	"1549930.846"	"1223830.736"	"1580000.0"	"2257400.673"	"866241.4434"	"2120000.0"	"1830000.0"	"529472.7832"	"2020000.0"	"2032976.213"	"651557.2447"	"2290000.0"	"1433270.36"	"958085.6447"	"1590000.0"	"1844852.829"	"688077.5787"	"2160000.0"	"1665872.922"	"630424.2176"	"2370000.0"	"1986709.991"	"1130112.571"	"2240000.0"
"CHEBI:16680"	"C14H20N6O5S"	"C1=NC2=C(C(=N1)N)N=CN2C3C(C(C(O3)CSCCC(C(=O)O)N)O)O"	"InChI=1S/C14H20N6O5S/c15-6(14(23)24)1-2-26-3-7-9(21)10(22)13(25-7)20-5-19-8-11(16)17-4-18-12(8)20/h4-7,9-10,13,21-22H,1-3,15H2,(H,23,24)(H2,16,17,18)/t6-,7+,9+,10+,13+/m0/s1"	"S-Adenosyl-homocysteine"	"385.12808"	""	"[M+H]+"	"positive"	"11.2"	"NCBITAXON:http://purl.bioontology.org/ontology/NCBITAXON/9606"	"Homo sapiens"	""	""	"5:very good reliability"	""	""	""	""	""	""	"591112.6294"	"0"	"3150000.0"	"813000.0"	"0"	"2490000.0"	"608146.1987"	"7206.224574"	"1820000.0"	"578190.4966"	"0"	"2320000.0"	"1012921.41"	"0"	"4290000.0"	"870953.2105"	"0"	"4250000.0"	"1098372.236"	"0"	"4110000.0"	"653779.5716"	"0"	"2750000.0"	"1489421.011"	"0"	"3680000.0"	"777662.9245"	"0"	"2880000.0"	"793000.0"	"0"	"2370000.0"	"522081.7815"	"0"	"2360000.0"	"440696.7704"	"0"	"1640000.0"	"590024.9786"	"0"	"1760000.0"	"552942.065"	"0"	"1790000.0"	"487620.0487"	"0"	"2680000.0"
"CHEBI:15414"	"C15H23N6O5S+"	"C[S+](CCC(C(=O)[O-])N)CC1C(C(C(O1)N2C=NC3=C2N=CN=C3N)O)O"	"InChI=1S/C15H22N6O5S/c1-27(3-2-7(16)15(24)25)4-8-10(22)11(23)14(26-8)21-6-20-9-12(17)18-5-19-13(9)21/h5-8,10-11,14,22-23H,2-4,16H2,1H3,(H2-,17,18,19,24,25)/t7-,8+,10+,11+,14+,27?/m0/s1"	"S-Adenosyl-methionine"	"399.14365"	""	"[M+H]+"	"positive"	"13.7"	"NCBITAXON:http://purl.bioontology.org/ontology/NCBITAXON/9606"	"Homo sapiens"	""	""	"5:very good reliability"	""	""	""	""	""	""	"232722.9338"	"12409.52871"	"248000.0"	"125000.0"	"4288.729303"	"235000.0"	"225948.4773"	"10216.67297"	"288000.0"	"282744.5932"	"6117.219123"	"567000.0"	"212703.4689"	"9392.600007"	"282000.0"	"148114.6446"	"14252.3536"	"144000.0"	"135873.5064"	"11216.25533"	"148000.0"	"225906.723"	"7351.470778"	"500000.0"	"123426.1842"	"13053.46865"	"300000.0"	"89787.54397"	"12473.93034"	"152000.0"	"180000.0"	"3359.429084"	"125000.0"	"229414.5614"	"0"	"368000.0"	"141878.9131"	"9668.769049"	"159000.0"	"81731.2546"	"3162.604701"	"129000.0"	"140635.6067"	"0"	"150000.0"	"212280.2769"	"0"	"409000.0"
"CHEBI:73024"	"C9H17NO4"	"CC(=O)OC(CC(=O)[O-])C[N+](C)(C)C"	"InChI=1S/C9H17NO4/c1-7(11)14-8(5-9(12)13)6-10(2,3)4/h8H,5-6H2,1-4H3"	"Acetyl-carnitine"	"204.1225"	""	"[M+H]+"	"positive"	"8.5"	"NCBITAXON:http://purl.bioontology.org/ontology/NCBITAXON/9606"	"Homo sapiens"	""	""	"5:very good reliability"	""	""	""	""	""	""	"164000000"	"84800000"	"2.33E8"	"3.55E8"	"146000000"	"4.8E8"	"240000000"	"88100000"	"3.18E8"	"253000000"	"66800000"	"3.98E8"	"165000000"	"75600000"	"2.02E8"	"391000000"	"153000000"	"4.16E8"	"213000000"	"83600000"	"2.99E8"	"234000000"	"69700000"	"4.0E8"	"153000000"	"84000000"	"2.26E8"	"395000000"	"168000000"	"4.62E8"	"2.12E8"	"69400000"	"2.91E8"	"283000000"	"115000000"	"3.66E8"	"144000000"	"77600000"	"2.03E8"	"234000000"	"88300000"	"4.17E8"	"174000000"	"62500000"	"3.01E8"	"181000000"	"79700000"	"3.13E8"
"CHEBI:7676"	"C11H21NO4"	"CCCC(=O)OC(CC(=O)[O-])C[N+](C)(C)C"	"InChI=1S/C11H21NO4/c1-5-6-11(15)16-9(7-10(13)14)8-12(2,3)4/h9H,5-8H2,1-4H3"	"Butyryl-carnitine"	"232.15386"	""	"[M+H]+"	"positive"	"6.2"	"NCBITAXON:http://purl.bioontology.org/ontology/NCBITAXON/9606"	"Homo sapiens"	""	""	"5:very good reliability"	""	""	""	""	""	""	"18600000"	"12100000"	"2.05E7"	"2.39E7"	"27300000"	"2.44E7"	"19000000"	"15900000"	"1.86E7"	"9627522.007"	"6877997.246"	"1.19E7"	"15700000"	"11700000"	"1.89E7"	"27700000"	"20200000"	"1.79E7"	"16200000"	"17300000"	"1.18E7"	"9667518.701"	"6124285.706"	"1.12E7"	"15100000"	"8562960.257"	"2.18E7"	"19100000"	"16700000"	"1.77E7"	"1.32E7"	"13100000"	"1.24E7"	"9409610.078"	"5945740.34"	"9710000.0"	"13800000"	"6720484.984"	"2.06E7"	"17500000"	"17700000"	"2.09E7"	"14700000"	"14400000"	"1.44E7"	"8769057.335"	"8484598.184"	"9450000.0"
"CHEBI:17126"	"C7H15NO3"	"C[N+](C)(C)CC(CC(=O)[O-])O"	"InChI=1S/C7H15NO3/c1-8(2,3)5-6(9)4-7(10)11/h6,9H,4-5H2,1-3H3/t6-/m0/s1"	"Carnitine"	"162.11199"	""	"[M+H]+"	"positive"	"10.9"	"NCBITAXON:http://purl.bioontology.org/ontology/NCBITAXON/9606"	"Homo sapiens"	""	""	"5:very good reliability"	""	""	""	""	""	""	"387000000"	"410000000"	"3.4E8"	"4.23E8"	"424000000"	"4.15E8"	"442000000"	"411000000"	"3.95E8"	"430000000"	"422000000"	"4.21E8"	"412000000"	"463000000"	"3.35E8"	"451000000"	"444000000"	"4.1E8"	"423000000"	"481000000"	"3.96E8"	"420000000"	"404000000"	"4.37E8"	"434000000"	"509000000"	"3.54E8"	"486000000"	"494000000"	"4.59E8"	"4.5E8"	"449000000"	"4.0E8"	"435000000"	"393000000"	"3.96E8"	"369000000"	"428000000"	"3.42E8"	"472000000"	"477000000"	"4.47E8"	"396000000"	"446000000"	"3.2E8"	"378000000"	"456000000"	"4.3E8"
"CHEBI:68830"	"C17H33NO4"	"CCCCCCCCCC(=O)OC(CC(=O)[O-])C[N+](C)(C)C"	"InChI=1S/C17H33NO4/c1-5-6-7-8-9-10-11-12-17(21)22-15(13-16(19)20)14-18(2,3)4/h15H,5-14H2,1-4H3"	"Decanoyl-carnitine"	"316.24767"	""	"[M+H]+"	"positive"	"4.3"	"NCBITAXON:http://purl.bioontology.org/ontology/NCBITAXON/9606"	"Homo sapiens"	""	""	"5:very good reliability"	""	""	""	""	""	""	"30600000"	"37200000"	"1.87E7"	"3.03E7"	"41600000"	"2.08E7"	"26500000"	"33200000"	"1.8E7"	"14600000"	"17500000"	"7720000.0"	"26500000"	"41100000"	"1.27E7"	"36900000"	"48800000"	"1.86E7"	"28600000"	"45000000"	"1.21E7"	"22200000"	"29800000"	"9870000.0"	"32000000"	"40900000"	"1.61E7"	"33900000"	"49400000"	"2.27E7"	"2.13E7"	"28200000"	"1.22E7"	"27600000"	"38800000"	"1.4E7"	"33300000"	"48500000"	"2.34E7"	"17700000"	"26000000"	"1.25E7"	"24900000"	"32900000"	"1.47E7"	"38600000"	"53100000"	"1.7E7"
"CHEBI:73054"	"C19H37NO4"	"CCCCCCCCCCCC(=O)OC(CC(=O)[O-])C[N+](C)(C)C"	"InChI=1S/C19H37NO4/c1-5-6-7-8-9-10-11-12-13-14-19(23)24-17(15-18(21)22)16-20(2,3)4/h17H,5-16H2,1-4H3"	"Dodecanoyl-carnitine"	"344.27871"	""	"[M+H]+"	"positive"	"4"	"NCBITAXON:http://purl.bioontology.org/ontology/NCBITAXON/9606"	"Homo sapiens"	""	""	"5:very good reliability"	""	""	""	""	""	""	"8194620.514"	"9661508.817"	"5570000.0"	"6790000.0"	"7709782.636"	"5520000.0"	"6756531.078"	"9411793.786"	"5360000.0"	"2119986.223"	"1923979.583"	"1570000.0"	"6066090.031"	"7707222.638"	"4120000.0"	"7278767.814"	"8888884.599"	"4100000.0"	"6103662.377"	"9288047.912"	"3810000.0"	"3243467.569"	"3420721.839"	"1950000.0"	"7061819.746"	"6777652.957"	"3980000.0"	"5943975.894"	"8248864.948"	"4570000.0"	"5420000.0"	"5774749.401"	"3200000.0"	"4839973.763"	"6000751.094"	"3100000.0"	"6016450.968"	"8563833.72"	"4220000.0"	"3340270.475"	"4025767.167"	"2090000.0"	"5468539.257"	"7247650.558"	"3680000.0"	"6394461.643"	"8720695.72"	"4090000.0"
"CHEBI:70749"	"C13H25NO4"	"CCCCCC(=O)OC(CC(=O)[O-])C[N+](C)(C)C"	"InChI=1S/C13H25NO4/c1-5-6-7-8-13(17)18-11(9-12(15)16)10-14(2,3)4/h11H,5-10H2,1-4H3"	"Hexanoyl-carnitine"	"260.18486"	""	"[M+H]+"	"positive"	"4.8"	"NCBITAXON:http://purl.bioontology.org/ontology/NCBITAXON/9606"	"Homo sapiens"	""	""	"5:very good reliability"	""	""	""	""	""	""	"4472674.032"	"4347910.083"	"4370000.0"	"7240000.0"	"4929213.059"	"7370000.0"	"3242522.664"	"3250087.115"	"2530000.0"	"2646746.3"	"1922907.268"	"3270000.0"	"3933161.95"	"4419296.191"	"3610000.0"	"7881342.707"	"5604618.899"	"6160000.0"	"2836842.336"	"3162701.814"	"1870000.0"	"3653130.605"	"2850878.442"	"3370000.0"	"4466921.958"	"4511118.173"	"3990000.0"	"6826702.729"	"6307880.798"	"7080000.0"	"2890000.0"	"3191726.646"	"2320000.0"	"4601527.15"	"4428424.486"	"3720000.0"	"4423510.921"	"4078198.411"	"4090000.0"	"4669383.686"	"3048036.343"	"4740000.0"	"2879892.344"	"3516590.411"	"2190000.0"	"3940481.609"	"4653505.055"	"3120000.0"
"CHEBI:73025"	"C12H23NO4"	"CC(C)CC(=O)OC(CC(=O)[O-])C[N+](C)(C)C"	"InChI=1S/C12H23NO4/c1-9(2)6-12(16)17-10(7-11(14)15)8-13(3,4)5/h9-10H,6-8H2,1-5H3"	"Isovaleryl-carnitine"	"246.1694"	""	"[M+H]+"	"positive"	"5.5"	"NCBITAXON:http://purl.bioontology.org/ontology/NCBITAXON/9606"	"Homo sapiens"	""	""	"5:very good reliability"	""	""	""	""	""	""	"18500000"	"13900000"	"1.97E7"	"2.43E7"	"12900000"	"2.74E7"	"14700000"	"12300000"	"1.45E7"	"7703934.567"	"5724338.972"	"9820000.0"	"15700000"	"13600000"	"1.7E7"	"24300000"	"9784699.532"	"2.09E7"	"12000000"	"16400000"	"9870000.0"	"7125508.199"	"4234922.369"	"9330000.0"	"14700000"	"9146950.849"	"1.91E7"	"19800000"	"8920753.797"	"2.37E7"	"1.23E7"	"11300000"	"1.17E7"	"7720949.325"	"4763042.765"	"8120000.0"	"13600000"	"6614391.562"	"1.88E7"	"19200000"	"11000000"	"2.51E7"	"14200000"	"13700000"	"1.3E7"	"8034973.207"	"7829910.235"	"8910000.0"
"CHEBI:73039"	"C15H29NO4"	"CCCCCCCC(=O)OC(CC(=O)[O-])C[N+](C)(C)C"	"InChI=1S/C15H29NO4/c1-5-6-7-8-9-10-15(19)20-13(11-14(17)18)12-16(2,3)4/h13H,5-12H2,1-4H3"	"Octanoyl-carnitine"	"288.21633"	""	"[M+H]+"	"positive"	"4.4"	"NCBITAXON:http://purl.bioontology.org/ontology/NCBITAXON/9606"	"Homo sapiens"	""	""	"5:very good reliability"	""	""	""	""	""	""	"12500000"	"15100000"	"7810000.0"	"1.31E7"	"15200000"	"9130000.0"	"10500000"	"12600000"	"7260000.0"	"6196897.562"	"7441023.326"	"4900000.0"	"12100000"	"16700000"	"6560000.0"	"14400000"	"20100000"	"8400000.0"	"10400000"	"14600000"	"5470000.0"	"10900000"	"14500000"	"5220000.0"	"13300000"	"16700000"	"6780000.0"	"14100000"	"18600000"	"8630000.0"	"8900000.0"	"11800000"	"5110000.0"	"13800000"	"16300000"	"7170000.0"	"13400000"	"19800000"	"9920000.0"	"8493988.31"	"9047083.133"	"5870000.0"	"10000000"	"14000000"	"6000000.0"	"13900000"	"20400000"	"7130000.0"
"CHEBI:28867"	"C10H19NO4"	"CCC(=O)OC(CC(=O)[O-])C[N+](C)(C)C"	"InChI=1S/C10H19NO4/c1-5-10(14)15-8(6-9(12)13)7-11(2,3)4/h8H,5-7H2,1-4H3"	"Propionyl-carnitine"	"218.13811"	""	"[M+H]+"	"positive"	"7.2"	"NCBITAXON:http://purl.bioontology.org/ontology/NCBITAXON/9606"	"Homo sapiens"	""	""	"5:very good reliability"	""	""	""	""	""	""	"60000000"	"11800000"	"9.63E7"	"7.9E7"	"21700000"	"1.12E8"	"66200000"	"16600000"	"8.8E7"	"63000000"	"8837147.115"	"1.31E8"	"55000000"	"10500000"	"8.74E7"	"89600000"	"18000000"	"9.12E7"	"60400000"	"17800000"	"7.52E7"	"65200000"	"7264823.06"	"1.3E8"	"54300000"	"10100000"	"9.41E7"	"79000000"	"15700000"	"1.14E8"	"5.89E7"	"15300000"	"8.39E7"	"71200000"	"7205845.777"	"1.14E8"	"50800000"	"7303653.322"	"8.58E7"	"60200000"	"16800000"	"1.19E8"	"53000000"	"14300000"	"8.88E7"	"49700000"	"9343513.205"	"1.07E8"
"CHEBI:73061"	"C21H41NO4"	"CCCCCCCCCCCCCC(=O)OC(CC(=O)[O-])C[N+](C)(C)C"	"InChI=1S/C21H41NO4/c1-5-6-7-8-9-10-11-12-13-14-15-16-21(25)26-19(17-20(23)24)18-22(2,3)4/h19H,5-18H2,1-4H3"	"Tetradecanoyl-carnitine"	"372.31003"	""	"[M+H]+"	"positive"	"3.7"	"NCBITAXON:http://purl.bioontology.org/ontology/NCBITAXON/9606"	"Homo sapiens"	""	""	"5:very good reliability"	""	""	""	""	""	""	"886548.1354"	"390592.9142"	"1290000.0"	"405000.0"	"0"	"1410000.0"	"622675.8463"	"433863.2051"	"716000.0"	"603029.7626"	"0"	"579000.0"	"480586.4851"	"25138.14605"	"1320000.0"	"271701.261"	"0"	"548000.0"	"327072.2542"	"35116.91707"	"1200000.0"	"172124.1207"	"20264.90806"	"381000.0"	"797436.3271"	"58270.12884"	"946000.0"	"182309.1183"	"0"	"263000.0"	"502000.0"	"250335.8538"	"746000.0"	"331851.1684"	"235264.1504"	"456000.0"	"76609.93162"	"172237.2242"	"1070000.0"	"534390.1271"	"0"	"1030000.0"	"1439071.18"	"235477.6966"	"1690000.0"	"199332.3922"	"0"	"781000.0"
"CHEBI:16436"	"C14H26N4O11P2"	"C[N+](C)(C)CCOP(=O)([O-])OP(=O)(O)OCC1C(C(C(O1)N2C=CC(=NC2=O)N)O)O"	"InChI=1S/C14H26N4O11P2/c1-18(2,3)6-7-26-30(22,23)29-31(24,25)27-8-9-11(19)12(20)13(28-9)17-5-4-10(15)16-14(17)21/h4-5,9,11-13,19-20H,6-8H2,1-3H3,(H3-,15,16,21,22,23,24,25)/t9-,11-,12-,13-/m1/s1"	"CDP-choline"	"489.11319"	""	"[M+H]+"	"positive"	"13"	"NCBITAXON:http://purl.bioontology.org/ontology/NCBITAXON/9606"	"Homo sapiens"	""	""	"5:very good reliability"	""	""	""	""	""	""	"5493502.039"	"5701902.665"	"3460000.0"	"5170000.0"	"4080326.477"	"5250000.0"	"6248644.591"	"4594828.231"	"5680000.0"	"4871486.087"	"3128178.517"	"2960000.0"	"6011034.617"	"5696111.029"	"4030000.0"	"6640860.32"	"4710837.449"	"4820000.0"	"6456453.735"	"7401281.906"	"4310000.0"	"4507764.025"	"3818037.771"	"3030000.0"	"5661250.609"	"7412865.346"	"4020000.0"	"6659258.381"	"4499131.258"	"5750000.0"	"7570000.0"	"6526391.247"	"4890000.0"	"5099111.02"	"2547815.257"	"3740000.0"	"7187946.419"	"7579927.264"	"5430000.0"	"7926802.934"	"8349711.837"	"6400000.0"	"7224694.782"	"5743171.474"	"7660000.0"	"4450109.757"	"3958476.221"	"2660000.0"
"CHEBI:16732"	"C11H20N4O11P2"	"NCCOP(O)(=O)OP(O)(=O)OC[C@H]1O[C@H]([C@H](O)[C@@H]1O)n1ccc(N)nc1=O"	"InChI=1S/C11H20N4O11P2/c12-2-4-23-27(19,20)26-28(21,22)24-5-6-8(16)9(17)10(25-6)15-3-1-7(13)14-11(15)18/h1,3,6,8-10,16-17H,2,4-5,12H2,(H,19,20)(H,21,22)(H2,13,14,18)/t6-,8-,9-,10-/m1/s1"	"CDP-ethanolamine"	"447.06667"	""	"[M+H]+"	"positive"	"13.8"	"NCBITAXON:http://purl.bioontology.org/ontology/NCBITAXON/9606"	"Homo sapiens"	""	""	"5:very good reliability"	""	""	""	""	""	""	"348953.8882"	"445759.1088"	"158000.0"	"76800.0"	"286314.3706"	"48900.0"	"319610.9688"	"241318.7388"	"274000.0"	"153174.3215"	"263220.5127"	"67700.0"	"263969.3074"	"447281.8004"	"158000.0"	"99893.06922"	"277613.7596"	"57600.0"	"287618.2846"	"432783.2893"	"125000.0"	"160313.0374"	"259382.8061"	"0.0"	"318615.3999"	"671879.3482"	"153000.0"	"145861.4537"	"446975.3449"	"87200.0"	"320000.0"	"404925.214"	"181000.0"	"190807.7788"	"285827.1746"	"144000.0"	"232220.2393"	"621441.007"	"200000.0"	"138979.888"	"426066.3602"	"39600.0"	"263515.1814"	"409012.4094"	"271000.0"	"110598.7633"	"465361.7358"	"0.0"
"CHEBI:16870"	"C8H20NO6P"	"C[N+](C)(C)CCOP(=O)([O-])OCC(CO)O"	"InChI=1S/C8H20NO6P/c1-9(2,3)4-5-14-16(12,13)15-7-8(11)6-10/h8,10-11H,4-7H2,1-3H3/t8-/m1/s1"	"Glycerophosphocholine"	"258.10943"	""	"[M+H]+"	"positive"	"12.2"	"NCBITAXON:http://purl.bioontology.org/ontology/NCBITAXON/9606"	"Homo sapiens"	""	""	"5:very good reliability"	""	""	""	""	""	""	"38400000"	"35200000"	"3.75E7"	"3.93E7"	"35500000"	"4.81E7"	"41200000"	"25700000"	"4.39E7"	"33500000"	"20000000"	"3.56E7"	"36300000"	"33000000"	"3.87E7"	"43900000"	"36200000"	"3.95E7"	"38900000"	"30800000"	"3.68E7"	"32300000"	"21600000"	"3.7E7"	"41200000"	"39800000"	"3.93E7"	"41000000"	"35700000"	"4.38E7"	"4.26E7"	"31700000"	"4.18E7"	"36600000"	"22900000"	"3.98E7"	"41900000"	"36400000"	"4.31E7"	"42900000"	"42300000"	"4.78E7"	"48700000"	"30300000"	"4.93E7"	"34900000"	"28300000"	"3.66E7"
"CHEBI:4828"	"C9H15N3O2S"	"C[N+](C)(C)C(CC1=CNC(=S)N1)C(=O)[O-]"	"InChI=1S/C9H15N3O2S/c1-12(2,3)7(8(13)14)4-6-5-10-9(15)11-6/h5,7H,4H2,1-3H3,(H2-,10,11,13,14,15)/t7-/m0/s1"	"Ergothioneine"	"230.09514"	""	"[M+H]+"	"positive"	"12.2"	"NCBITAXON:http://purl.bioontology.org/ontology/NCBITAXON/9606"	"Homo sapiens"	""	""	"5:very good reliability"	""	""	""	""	""	""	"479000000"	"10100000"	"6.44E8"	"5.9E7"	"1027961.45"	"8.72E7"	"76700000"	"1060804.233"	"1.1E8"	"670000000"	"9913841.715"	"9.31E8"	"407000000"	"10000000"	"7.18E8"	"63000000"	"1004858.533"	"8.73E7"	"76500000"	"1184040.574"	"1.12E8"	"685000000"	"9626482.615"	"9.99E8"	"502000000"	"11200000"	"6.86E8"	"66400000"	"1006784.302"	"8.82E7"	"7.88E7"	"1083423.468"	"1.11E8"	"704000000"	"10100000"	"9.19E8"	"495000000"	"10700000"	"7.03E8"	"64700000"	"1070524.257"	"9.64E7"	"79700000"	"1062815.224"	"1.12E8"	"669000000"	"12000000"	"9.35E8"
"CHEBI:17858"	"C20H32N6O12S2"	"C(CC(=O)NC(CSSCC(C(=O)NCC(=O)O)NC(=O)CCC(C(=O)O)N)C(=O)NCC(=O)O)C(C(=O)O)N"	"InChI=1S/C20H32N6O12S2/c21-9(19(35)36)1-3-13(27)25-11(17(33)23-5-15(29)30)7-39-40-8-12(18(34)24-6-16(31)32)26-14(28)4-2-10(22)20(37)38/h9-12H,1-8,21-22H2,(H,23,33)(H,24,34)(H,25,27)(H,26,28)(H,29,30)(H,31,32)(H,35,36)(H,37,38)/t9-,10-,11-,12-/m0/s1"	"Glutathione disulfide (GSSG)"	"613.15768"	""	"[M+H]+"	"positive"	"15"	"NCBITAXON:http://purl.bioontology.org/ontology/NCBITAXON/9606"	"Homo sapiens"	""	""	"5:very good reliability"	""	""	""	""	""	""	"529000000"	"342231.1243"	"7.49E8"	"5.66E8"	"408515.1923"	"8.51E8"	"535000000"	"444523.4191"	"7.73E8"	"563000000"	"364829.8237"	"8.85E8"	"552000000"	"338245.5241"	"9.22E8"	"655000000"	"607172.71"	"8.02E8"	"537000000"	"498230.8656"	"8.15E8"	"544000000"	"537144.4571"	"9.99E8"	"554000000"	"725080.1288"	"8.29E8"	"665000000"	"696055.4194"	"9.05E8"	"5.94E8"	"521619.5261"	"8.4E8"	"601000000"	"600138.4057"	"8.84E8"	"618000000"	"633077.9773"	"8.88E8"	"701000000"	"547395.2264"	"9.88E8"	"592000000"	"365162.6867"	"9.15E8"	"591000000"	"586218.3331"	"8.34E8"
"CHEBI:84058"	"C11H19N3O6"	"CC[C@H](NC(=O)CC[C@H](N)C(O)=O)C(=O)NCC(O)=O"	"InChI=1S/C11H19N3O6/c1-2-7(10(18)13-5-9(16)17)14-8(15)4-3-6(12)11(19)20/h6-7H,2-5,12H2,1H3,(H,13,18)(H,14,15)(H,16,17)(H,19,20)/t6-,7-/m0/s1"	"Ophthalmic acid"	"290.13417"	""	"[M+H]+"	"positive"	"11.4"	"NCBITAXON:http://purl.bioontology.org/ontology/NCBITAXON/9606"	"Homo sapiens"	""	""	"5:very good reliability"	""	""	""	""	""	""	"13500000"	"188574.3871"	"1.96E7"	"7840000.0"	"58498.94429"	"1.36E7"	"15100000"	"224458.5986"	"2.59E7"	"7405236.754"	"11782.99873"	"1.47E7"	"11700000"	"140372.6058"	"2.46E7"	"9385700.92"	"74950.60754"	"1.22E7"	"18100000"	"67022.00918"	"2.8E7"	"7334525.95"	"11681.25172"	"1.75E7"	"12400000"	"163732.7341"	"2.26E7"	"6877312.402"	"74907.56497"	"1.5E7"	"1.63E7"	"69979.18246"	"3.09E7"	"9350882.337"	"25729.52612"	"1.78E7"	"9974730.605"	"58480.65394"	"1.65E7"	"7940483.716"	"43338.38909"	"1.59E7"	"16000000"	"107668.9433"	"2.9E7"	"10000000"	"30194.33335"	"1.68E7"
"CHEBI:42334"	"C8H18N2O4S"	"OCCN1CCN(CC1)CCS(O)(=O)=O"	"InChI=1S/C8H18N2O4S/c11-7-5-9-1-3-10(4-2-9)6-8-15(12,13)14/h11H,1-8H2,(H,12,13,14)"	"HEPES [M+H]+"	"239.10532"	""	"[M+H]+"	"positive"	"8.2"	"NCBITAXON:http://purl.bioontology.org/ontology/NCBITAXON/9606"	"Homo sapiens"	""	""	"5:very good reliability"	""	""	""	""	""	""	"192000000"	"205000000"	"2.07E8"	"1.66E8"	"186000000"	"1.93E8"	"249000000"	"266000000"	"2.86E8"	"239000000"	"286000000"	"2.23E8"	"228000000"	"200000000"	"2.67E8"	"191000000"	"189000000"	"2.28E8"	"274000000"	"285000000"	"3.26E8"	"242000000"	"298000000"	"2.9E8"	"241000000"	"248000000"	"2.57E8"	"228000000"	"238000000"	"2.53E8"	"3.01E8"	"302000000"	"3.48E8"	"279000000"	"324000000"	"2.54E8"	"256000000"	"266000000"	"2.91E8"	"237000000"	"298000000"	"2.68E8"	"290000000"	"298000000"	"3.25E8"	"271000000"	"337000000"	"2.88E8"
"CHEBI:39033"	"C8H18N2O6S2"	"C1CN(CCN1CCS(=O)(=O)O)CCS(=O)(=O)O"	"InChI=1S/C8H18N2O6S2/c11-17(12,13)7-5-9-1-2-10(4-3-9)6-8-18(14,15)16/h1-8H2,(H,11,12,13)(H,14,15,16)"	"PIPES [M+H]+"	"303.06729"	""	"[M+H]+"	"positive"	"11.9"	"NCBITAXON:http://purl.bioontology.org/ontology/NCBITAXON/9606"	"Homo sapiens"	""	""	"5:very good reliability"	""	""	""	""	""	""	"16000000"	"16700000"	"1.83E7"	"1.84E7"	"17200000"	"2.02E7"	"19600000"	"17200000"	"2.26E7"	"20100000"	"21400000"	"2.07E7"	"19000000"	"16400000"	"2.43E7"	"18300000"	"19000000"	"2.38E7"	"20300000"	"21500000"	"2.65E7"	"17700000"	"20700000"	"2.57E7"	"18600000"	"19800000"	"2.4E7"	"21800000"	"20100000"	"2.59E7"	"2.22E7"	"18000000"	"2.78E7"	"18300000"	"21200000"	"2.02E7"	"18400000"	"18500000"	"1.89E7"	"19600000"	"18400000"	"2.18E7"	"19700000"	"22300000"	"2.46E7"	"19300000"	"23500000"	"2.18E7"
