"database_identifier"	"chemical_formula"	"smiles"	"inchi"	"metabolite_identification"	"mass_to_charge"	"fragmentation"	"modifications"	"charge"	"retention_time"	"taxid"	"species"	"database"	"database_version"	"reliability"	"uri"	"search_engine"	"search_engine_score"	"smallmolecule_abundance_sub"	"smallmolecule_abundance_stdev_sub"	"smallmolecule_abundance_std_error_sub"	"Volunteer1_blood_0h_NEG"	"Volunteer1_plasma_0h_NEG"	"Volunteer1_RBC_0h_NEG"	"Volunteer2_blood_0h_NEG"	"Volunteer2_plasma_0h_NEG"	"Volunteer2_RBC_0h_NEG"	"Volunteer3_blood_0h_NEG"	"Volunteer3_plasma_0h_NEG"	"Volunteer3_RBC_0h_NEG"	"Volunteer4_blood_0h_NEG"	"Volunteer4_plasma_0h_NEG"	"Volunteer4_RBC_0h_NEG"	"Volunteer1_blood_1h_NEG"	"Volunteer1_plasma_1h_NEG"	"Volunteer1_RBC_1h_NEG"	"Volunteer2_blood_1h_NEG"	"Volunteer2_plasma_1h_NEG"	"Volunteer2_RBC_1h_NEG"	"Volunteer3_blood_1h_NEG"	"Volunteer3_plasma_1h_NEG"	"Volunteer3_RBC_1h_NEG"	"Volunteer4_blood_1h_NEG"	"Volunteer4_plasma_1h_NEG"	"Volunteer4_RBC_1h_NEG"	"Volunteer1_blood_4h_NEG"	"Volunteer1_plasma_4h_NEG"	"Volunteer1_RBC_4h_NEG"	"Volunteer2_blood_4h_NEG"	"Volunteer2_plasma_4h_NEG"	"Volunteer2_RBC_4h_NEG"	"Volunteer3_blood_4h_NEG"	"Volunteer3_plasma_4h_NEG"	"Volunteer3_RBC_4h_NEG"	"Volunteer4_blood_4h_NEG"	"Volunteer4_plasma_4h_NEG"	"Volunteer4_RBC_4h_NEG"	"Volunteer1_blood_24h_NEG"	"Volunteer1_plasma_24h_NEG"	"Volunteer1_RBC_24h_NEG"	"Volunteer2_blood_24h_NEG"	"Volunteer2_plasma_24h_NEG"	"Volunteer2_RBC_24h_NEG"	"Volunteer3_blood_24h_NEG"	"Volunteer3_plasma_24h_NEG"	"Volunteer3_RBC_24h_NEG"	"Volunteer4_blood_24h_NEG"	"Volunteer4_plasma_24h_NEG"	"Volunteer4_RBC_24h_NEG"
"CHEBI:17552"	"C10H15N5O11P2"	"C1=NC2=C(N1C3C(C(C(O3)COP(=O)(O)OP(=O)(O)O)O)O)NC(=NC2=O)N"	"InChI=1S/C10H15N5O11P2/c11-10-13-7-4(8(18)14-10)12-2-15(7)9-6(17)5(16)3(25-9)1-24-28(22,23)26-27(19,20)21/h2-3,5-6,9,16-17H,1H2,(H,22,23)(H2,19,20,21)(H3,11,13,14,18)/t3-,5-,6-,9-/m1/s1"	"GDP"	"442.01773"	""	"[M-H]-"	"negative"	"15.3"	"NCBITAXON:http://purl.bioontology.org/ontology/NCBITAXON/9606"	"Homo sapiens"	""	""	"5:very good reliability"	""	""	""	""	""	""	"3364213.398"	"202724.6476"	"4250000.0"	"4200000.0"	"190819.0163"	"3630000.0"	"3894252.538"	"166057.2649"	"5770000.0"	"6033046.205"	"91649.00789"	"5170000.0"	"4198600.596"	"199923.2232"	"5550000.0"	"4445633.535"	"169122.7217"	"4660000.0"	"4026319.691"	"175291.4325"	"5540000.0"	"3827470.167"	"86431.17259"	"6370000.0"	"3853814.665"	"280330.7597"	"5540000.0"	"4088896.985"	"231803.4785"	"4630000.0"	"5060000.0"	"222157.1003"	"5480000.0"	"4562924.81"	"186896.3673"	"4690000.0"	"3514893.714"	"220953.5156"	"4460000.0"	"4144855.755"	"241722.8584"	"6260000.0"	"5207930.576"	"160828.775"	"6020000.0"	"4766638.564"	"158953.3342"	"3460000.0"
"CHEBI:17345"	"C10H14N5O8P"	"C1=NC2=C(N1C3C(C(C(O3)COP(=O)(O)O)O)O)NC(=NC2=O)N"	"InChI=1S/C10H14N5O8P/c11-10-13-7-4(8(18)14-10)12-2-15(7)9-6(17)5(16)3(23-9)1-22-24(19,20)21/h2-3,5-6,9,16-17H,1H2,(H2,19,20,21)(H3,11,13,14,18)/t3-,5-,6-,9-/m1/s1"	"GMP"	"362.05084"	""	"[M-H]-"	"negative"	"14.1"	"NCBITAXON:http://purl.bioontology.org/ontology/NCBITAXON/9606"	"Homo sapiens"	""	""	"5:very good reliability"	""	""	""	""	""	""	"326261.6456"	"212321.513"	"547000.0"	"403000.0"	"257074.5231"	"580000.0"	"409082.4291"	"241396.9617"	"752000.0"	"597806.4356"	"126733.8723"	"899000.0"	"430776.6219"	"226341.4431"	"669000.0"	"359186.3368"	"208555.9002"	"360000.0"	"607143.8143"	"230874.4065"	"819000.0"	"393256.3826"	"152044.0693"	"1210000.0"	"364941.9485"	"324583.0837"	"555000.0"	"499403.1564"	"314691.7832"	"584000.0"	"725000.0"	"295128.416"	"1100000.0"	"487726.0428"	"272284.1205"	"869000.0"	"315920.5678"	"261023.5304"	"404000.0"	"386531.5431"	"330503.5082"	"511000.0"	"557712.3151"	"185755.9108"	"691000.0"	"468343.7919"	"176098.4879"	"950000.0"
"CHEBI:16695"	"C9H13N2O9P"	"C1=CN(C(=O)NC1=O)C2C(C(C(O2)COP(=O)(O)O)O)O"	"InChI=1S/C9H13N2O9P/c12-5-1-2-11(9(15)10-5)8-7(14)6(13)4(20-8)3-19-21(16,17)18/h1-2,4,6-8,13-14H,3H2,(H,10,12,15)(H2,16,17,18)/t4-,6-,7-,8-/m1/s1"	"UMP"	"323.02877"	""	"[M-H]-"	"negative"	"12.8"	"NCBITAXON:http://purl.bioontology.org/ontology/NCBITAXON/9606"	"Homo sapiens"	""	""	"5:very good reliability"	""	""	""	""	""	""	"7890951.842"	"403905.181"	"5320000.0"	"4470000.0"	"569260.6899"	"5540000.0"	"4492297.328"	"257682.1867"	"5780000.0"	"5159050.77"	"353075.9781"	"5740000.0"	"4263568.666"	"500151.285"	"5080000.0"	"4907074.83"	"443861.8909"	"3880000.0"	"5561506.883"	"426120.707"	"6840000.0"	"5950068.9"	"379658.7124"	"1.12E7"	"5247295.696"	"617615.7487"	"6030000.0"	"6184953.658"	"464018.3737"	"8210000.0"	"7640000.0"	"496174.8149"	"7900000.0"	"8091159.251"	"631621.4166"	"1.13E7"	"7533503.191"	"497628.7611"	"1.03E7"	"8180074.368"	"829727.1686"	"1.02E7"	"9578835.773"	"446342.3424"	"9800000.0"	"11400000"	"839333.1824"	"1.57E7"
"CHEBI:15713"	"C9H15N2O15P3"	"C1=CN(C(=O)NC1=O)C2C(C(C(O2)COP(=O)(O)OP(=O)(O)OP(=O)(O)O)O)O"	"InChI=1S/C9H15N2O15P3/c12-5-1-2-11(9(15)10-5)8-7(14)6(13)4(24-8)3-23-28(19,20)26-29(21,22)25-27(16,17)18/h1-2,4,6-8,13-14H,3H2,(H,19,20)(H,21,22)(H,10,12,15)(H2,16,17,18)/t4-,6-,7-,8-/m1/s1"	"UTP"	"482.96233"	""	"[M-H]-"	"negative"	"15.1"	"NCBITAXON:http://purl.bioontology.org/ontology/NCBITAXON/9606"	"Homo sapiens"	""	""	"5:very good reliability"	""	""	""	""	""	""	"2174418.202"	"871013.3326"	"1950000.0"	"2600000.0"	"525339.199"	"1820000.0"	"2395262.944"	"505739.937"	"3230000.0"	"3819310.196"	"412476.0074"	"2440000.0"	"3010125.536"	"1011368.42"	"1540000.0"	"3082653.455"	"698944.0275"	"1540000.0"	"2591793.726"	"688457.6163"	"2100000.0"	"2673186.096"	"455926.1824"	"2080000.0"	"2903948.965"	"1086811.67"	"2240000.0"	"2622001.112"	"733364.0478"	"2740000.0"	"3040000.0"	"778790.0489"	"2520000.0"	"3558531.78"	"748523.4314"	"3300000.0"	"2925053.563"	"1001305.333"	"2630000.0"	"2712693.492"	"968312.5664"	"2460000.0"	"3485219.353"	"853821.161"	"3100000.0"	"3420982.469"	"886908.7668"	"1870000.0"
"CHEBI:17368"	"C5H4N4O"	"C1=NC2=C(N1)C(=O)N=CN2"	"InChI=1S/C5H4N4O/c10-5-3-4(7-1-6-3)8-2-9-5/h1-2H,(H2,6,7,8,9,10)"	"Hypoxanthine"	"135.03028"	""	"[M-H]-"	"negative"	"7.4"	"NCBITAXON:http://purl.bioontology.org/ontology/NCBITAXON/9606"	"Homo sapiens"	""	""	"5:very good reliability"	""	""	""	""	""	""	"5933884.233"	"4334975.966"	"7170000.0"	"5260000.0"	"6034461.285"	"6570000.0"	"5908291.941"	"4332704.007"	"7390000.0"	"7722196.848"	"9992020.76"	"1.0E7"	"7309154.055"	"5341657.146"	"6460000.0"	"5795424.743"	"5364611.414"	"5190000.0"	"6461124.148"	"6178595.528"	"7830000.0"	"4741184.005"	"5864321.608"	"6940000.0"	"8011520.929"	"8656142.795"	"9680000.0"	"6644728.694"	"8406899.219"	"8340000.0"	"6690000.0"	"7919012.743"	"1.12E7"	"8775469.276"	"9618435.145"	"1.08E7"	"7976510.028"	"6573404.788"	"8860000.0"	"6573461.449"	"10100000"	"1.04E7"	"9481600.83"	"10300000"	"1.27E7"	"8554746.534"	"10300000"	"1.0E7"
"CHEBI:17775"	"C5H4N4O3"	"C12=C(NC(=O)N1)NC(=O)NC2=O"	"InChI=1S/C5H4N4O3/c10-3-1-2(7-4(11)6-1)8-5(12)9-3/h(H4,6,7,8,9,10,11,12)"	"Urate"	"167.02141"	""	"[M-H]-"	"negative"	"10.8"	"NCBITAXON:http://purl.bioontology.org/ontology/NCBITAXON/9606"	"Homo sapiens"	""	""	"5:very good reliability"	""	""	""	""	""	""	"205000000"	"368000000"	"1.73E8"	"1.35E8"	"118000000"	"1.5E8"	"210000000"	"316000000"	"1.85E8"	"198000000"	"161000000"	"1.55E8"	"209000000"	"231000000"	"1.91E8"	"162000000"	"139000000"	"1.29E8"	"210000000"	"401000000"	"1.73E8"	"160000000"	"170000000"	"1.66E8"	"189000000"	"147000000"	"1.81E8"	"159000000"	"135000000"	"1.56E8"	"2.15E8"	"233000000"	"1.96E8"	"189000000"	"152000000"	"1.74E8"	"167000000"	"171000000"	"1.57E8"	"162000000"	"159000000"	"1.64E8"	"245000000"	"218000000"	"1.98E8"	"211000000"	"126000000"	"1.74E8"
"CHEBI:16704"	"C9H12N2O6"	"C1=CN(C(=O)NC1=O)C2C(C(C(O2)CO)O)O"	"InChI=1S/C9H12N2O6/c12-3-4-6(14)7(15)8(17-4)11-2-1-5(13)10-9(11)16/h1-2,4,6-8,12,14-15H,3H2,(H,10,13,16)/t4-,6-,7-,8-/m1/s1"	"Uridine"	"243.06228"	""	"[M-H]-"	"negative"	"7.1"	"NCBITAXON:http://purl.bioontology.org/ontology/NCBITAXON/9606"	"Homo sapiens"	""	""	"5:very good reliability"	""	""	""	""	""	""	"6342664.501"	"5474218.257"	"5680000.0"	"7630000.0"	"6195661.682"	"7530000.0"	"4633238.57"	"5241489.922"	"5280000.0"	"12700000"	"11300000"	"1.21E7"	"7743400.92"	"9052563.142"	"7800000.0"	"10300000"	"9353763.206"	"8970000.0"	"7239839.058"	"6902290.85"	"7040000.0"	"11100000"	"11800000"	"1.17E7"	"11300000"	"11900000"	"1.09E7"	"10800000"	"11800000"	"1.2E7"	"1.02E7"	"9642800.848"	"1.03E7"	"12400000"	"11900000"	"1.34E7"	"10400000"	"8964060.803"	"1.05E7"	"10300000"	"11800000"	"1.08E7"	"10400000"	"10100000"	"1.02E7"	"12700000"	"13200000"	"1.21E7"
"CHEBI:17712"	"C5H4N4O2"	"C1=NC2=C(N1)C(=O)NC(=O)N2"	"InChI=1S/C5H4N4O2/c10-4-2-3(7-1-6-2)8-5(11)9-4/h1H,(H3,6,7,8,9,10,11)"	"Xanthine"	"151.02649"	""	"[M-H]-"	"negative"	"8.6"	"NCBITAXON:http://purl.bioontology.org/ontology/NCBITAXON/9606"	"Homo sapiens"	""	""	"5:very good reliability"	""	""	""	""	""	""	"792067.2019"	"373365.3509"	"766000.0"	"857000.0"	"793150.608"	"945000.0"	"612641.7735"	"515957.2747"	"880000.0"	"1566764.097"	"1652872.429"	"2040000.0"	"878213.1253"	"718941.5937"	"1470000.0"	"1158360.187"	"1163555.234"	"1350000.0"	"856384.3548"	"710385.7833"	"1620000.0"	"2041460.634"	"1784010.005"	"2240000.0"	"1502411.938"	"1363849.433"	"1710000.0"	"1563243.358"	"1349285.175"	"1680000.0"	"1860000.0"	"1488828.067"	"2410000.0"	"2010018.15"	"2103303.756"	"2430000.0"	"1163247.403"	"1094677.111"	"1600000.0"	"1874549.862"	"1419262.945"	"1840000.0"	"1751137.595"	"1556901.766"	"2580000.0"	"1820156.677"	"1441062.668"	"2260000.0"
"CHEBI:16264"	"C17H27N3O17P2"	"CC(=O)NC1C(C(C(OC1OP(=O)(O)OP(=O)(O)OCC2C(C(C(O2)N3C=CC(=O)NC3=O)O)O)CO)O)O"	"InChI=1S/C17H27N3O17P2/c1-6(22)18-10-13(26)11(24)7(4-21)35-16(10)36-39(31,32)37-38(29,30)33-5-8-12(25)14(27)15(34-8)20-3-2-9(23)19-17(20)28/h2-3,7-8,10-16,21,24-27H,4-5H2,1H3,(H,18,22)(H,29,30)(H,31,32)(H,19,23,28)/t7-,8-,10-,11-,12-,13-,14-,15-,16-/m1/s1"	"UDP-acetyl-glucosamine"	"606.07557"	""	"[M-H]-"	"negative"	"12.8"	"NCBITAXON:http://purl.bioontology.org/ontology/NCBITAXON/9606"	"Homo sapiens"	""	""	"5:very good reliability"	""	""	""	""	""	""	"22200000"	"3702047.517"	"2.9E7"	"1.43E7"	"1682511.121"	"1.8E7"	"18200000"	"1742956.079"	"2.12E7"	"12300000"	"1524671.759"	"1.22E7"	"23200000"	"4389280.323"	"2.7E7"	"15900000"	"2224607.984"	"1.24E7"	"18400000"	"2289284.572"	"2.05E7"	"10800000"	"1536324.052"	"1.56E7"	"23300000"	"4454241.213"	"2.59E7"	"14600000"	"1738737.478"	"1.87E7"	"1.91E7"	"1916668.135"	"2.2E7"	"13600000"	"1638264.955"	"1.54E7"	"25500000"	"3995752.315"	"3.12E7"	"13900000"	"3011293.55"	"1.64E7"	"19300000"	"2184110.904"	"2.24E7"	"14100000"	"2541134.051"	"1.53E7"
"CHEBI:18066"	"C15H24N2O17P2"	"C1=CN(C(=O)NC1=O)C2C(C(C(O2)COP(=O)(O)OP(=O)(O)OC3C(C(C(C(O3)CO)O)O)O)O)O"	"InChI=1S/C15H24N2O17P2/c18-3-5-8(20)10(22)12(24)14(32-5)33-36(28,29)34-35(26,27)30-4-6-9(21)11(23)13(31-6)17-2-1-7(19)16-15(17)25/h1-2,5-6,8-14,18,20-24H,3-4H2,(H,26,27)(H,28,29)(H,16,19,25)/t5-,6-,8-,9-,10+,11-,12-,13-,14?/m1/s1"	"UDP-glucose"	"565.04867"	""	"[M-H]-"	"negative"	"13.9"	"NCBITAXON:http://purl.bioontology.org/ontology/NCBITAXON/9606"	"Homo sapiens"	""	""	"5:very good reliability"	""	""	""	""	""	""	"38400000"	"2427018.312"	"6.38E7"	"4.42E7"	"1367442.747"	"6.82E7"	"50500000"	"1595323.46"	"7.08E7"	"66800000"	"1834222.235"	"7.99E7"	"52000000"	"2876417.475"	"6.68E7"	"47800000"	"2239276.62"	"4.46E7"	"51200000"	"2172912.024"	"6.37E7"	"51200000"	"1995040.397"	"9.87E7"	"43900000"	"3396478.56"	"6.14E7"	"42800000"	"2414984.108"	"6.16E7"	"4.97E7"	"1837679.456"	"6.55E7"	"63300000"	"1522743.138"	"9.0E7"	"46000000"	"2840820.657"	"6.09E7"	"36500000"	"2541549.463"	"5.92E7"	"52500000"	"1660780.447"	"5.3E7"	"54700000"	"1923397.347"	"8.17E7"
"CHEBI:58052"	"C15H19N2O18P2-3"	"O[C@@H]1[C@@H](COP([O-])(=O)OP([O-])(=O)O[C@H]2O[C@@H]([C@@H](O)[C@H](O)[C@H]2O)C([O-])=O)O[C@H]([C@@H]1O)n1ccc(=O)[nH]c1=O"	"InChI=1S/C15H22N2O18P2/c18-5-1-2-17(15(26)16-5)12-9(22)6(19)4(32-12)3-31-36(27,28)35-37(29,30)34-14-10(23)7(20)8(21)11(33-14)13(24)25/h1-2,4,6-12,14,19-23H,3H2,(H,24,25)(H,27,28)(H,29,30)(H,16,18,26)/p-3/t4-,6-,7+,8+,9-,10-,11+,12-,14-/m1/s1"	"UDP-glucuronate"	"579.02841"	""	"[M-H]-"	"negative"	"16.4"	"NCBITAXON:http://purl.bioontology.org/ontology/NCBITAXON/9606"	"Homo sapiens"	""	""	"5:very good reliability"	""	""	""	""	""	""	"5264881.924"	"1043064.989"	"7570000.0"	"4510000.0"	"337010.3276"	"7100000.0"	"6240653.545"	"214493.7488"	"6730000.0"	"6888379.208"	"391142.0718"	"7990000.0"	"6685348.334"	"936974.6775"	"7110000.0"	"5473401.666"	"372768.9551"	"4340000.0"	"6669828.838"	"185778.4806"	"6670000.0"	"6225490.962"	"446587.7595"	"9300000.0"	"5823299.854"	"878901.8853"	"6700000.0"	"4838480.788"	"281263.9507"	"6160000.0"	"6110000.0"	"148455.6377"	"6760000.0"	"7045641.216"	"374563.4318"	"8360000.0"	"5762247.205"	"776154.8336"	"6150000.0"	"4021399.026"	"429109.0144"	"5300000.0"	"5761271.505"	"162795.7591"	"5470000.0"	"6434537.445"	"391878.1248"	"7790000.0"
"CHEBI:16863"	"C6H12O10P-"	"O[C@H](COP(O)(O)=O)[C@@H](O)[C@H](O)[C@@H](O)C([O-])=O"	"InChI=1S/C6H13O10P/c7-2(1-16-17(13,14)15)3(8)4(9)5(10)6(11)12/h2-5,7-10H,1H2,(H,11,12)(H2,13,14,15)/p-1/t2-,3-,4+,5-/m1/s1"	"6-Phosphogluconate"	"275.01735"	""	"[M-H]-"	"negative"	"15.2"	"NCBITAXON:http://purl.bioontology.org/ontology/NCBITAXON/9606"	"Homo sapiens"	""	""	"5:very good reliability"	""	""	""	""	""	""	"4285727.058"	"117687.5944"	"6060000.0"	"4500000.0"	"67999.43565"	"4410000.0"	"4182777.091"	"43153.91106"	"6820000.0"	"5405550.607"	"51673.6206"	"5630000.0"	"5255836.833"	"160598.7754"	"8200000.0"	"4890292.809"	"97929.74252"	"5010000.0"	"5130205.05"	"51828.04745"	"7130000.0"	"3512738.656"	"62755.40982"	"6590000.0"	"4801953.99"	"193884.2876"	"6830000.0"	"4576797.258"	"95473.59706"	"6540000.0"	"5720000.0"	"39996.02562"	"6900000.0"	"4826871.203"	"89864.24463"	"5210000.0"	"5306079.958"	"144710.1921"	"7030000.0"	"4961503.188"	"113789.9241"	"7920000.0"	"5676786.595"	"58182.08903"	"6760000.0"	"4888584.789"	"100517.3764"	"4230000.0"
"CHEBI:19324"	"C3H3O10P2-5"	"[O-]C(=O)C(COP([O-])([O-])=O)OP([O-])([O-])=O"	"InChI=1S/C3H8O10P2/c4-3(5)2(13-15(9,10)11)1-12-14(6,7)8/h2H,1H2,(H,4,5)(H2,6,7,8)(H2,9,10,11)/p-5"	"Diphospho-glycerate"	"264.95197"	""	"[M-H]-"	"negative"	"15.6"	"NCBITAXON:http://purl.bioontology.org/ontology/NCBITAXON/9606"	"Homo sapiens"	""	""	"5:very good reliability"	""	""	""	""	""	""	"544000000"	"194230.9321"	"8.27E8"	"6.72E8"	"416071.0309"	"1.23E9"	"691000000"	"541819.2775"	"1.19E9"	"932000000"	"634656.5496"	"1.35E9"	"581000000"	"491012.1423"	"1.03E9"	"888000000"	"771322.862"	"9.91E8"	"830000000"	"852667.2847"	"1.2E9"	"733000000"	"908899.7139"	"1.57E9"	"587000000"	"710895.4356"	"1.02E9"	"815000000"	"581606.4757"	"1.32E9"	"8.79E8"	"736687.2571"	"1.26E9"	"940000000"	"905427.4625"	"1.46E9"	"640000000"	"650630.4665"	"1.07E9"	"792000000"	"759250.6573"	"1.22E9"	"876000000"	"719325.4582"	"1.11E9"	"925000000"	"795023.6611"	"1.47E9"
"CHEBI:78697"	"C6H13O9P"	""	""	"Fructose-6-phosphate"	"259.02239"	""	"[M-H]-"	"negative"	"13.6"	"NCBITAXON:http://purl.bioontology.org/ontology/NCBITAXON/9606"	"Homo sapiens"	""	""	"5:very good reliability"	""	""	""	""	""	""	"9664793.014"	"1153135.246"	"1.26E7"	"1.16E7"	"562571.0892"	"1.62E7"	"9689306.497"	"521635.4836"	"1.34E7"	"14300000"	"479304.1558"	"1.49E7"	"9633442.892"	"931171.0352"	"1.21E7"	"13000000"	"733420.5472"	"1.12E7"	"11900000"	"762274.501"	"1.57E7"	"10300000"	"567226.1149"	"1.64E7"	"9862478.15"	"1204788.965"	"1.11E7"	"12400000"	"741673.9918"	"1.66E7"	"1.25E7"	"715805.9835"	"1.54E7"	"14200000"	"785390.0184"	"1.79E7"	"10700000"	"927587.1769"	"1.41E7"	"11600000"	"837150.9218"	"1.94E7"	"12900000"	"688009.356"	"1.6E7"	"14400000"	"884755.016"	"1.64E7"
"CHEBI:14314"	"C6H13O9P"	""	""	"Glucose-6-phosphate"	"259.02242"	""	"[M-H]-"	"negative"	"14.2"	"NCBITAXON:http://purl.bioontology.org/ontology/NCBITAXON/9606"	"Homo sapiens"	""	""	"5:very good reliability"	""	""	""	""	""	""	"19800000"	"1112977.648"	"2.73E7"	"2.26E7"	"814227.1494"	"3.7E7"	"20100000"	"892574.5989"	"3.1E7"	"26700000"	"700113.9953"	"3.33E7"	"20500000"	"1672762.148"	"3.12E7"	"23000000"	"1063181.84"	"2.36E7"	"23800000"	"1271299.859"	"3.42E7"	"19300000"	"787412.3944"	"3.66E7"	"18600000"	"1727732.677"	"2.52E7"	"22300000"	"1097509.793"	"3.48E7"	"2.55E7"	"1006461.388"	"3.57E7"	"24000000"	"1398921.777"	"3.89E7"	"20800000"	"1588620.75"	"3.37E7"	"25200000"	"1422929.173"	"4.4E7"	"29200000"	"1163835.733"	"3.43E7"	"26900000"	"1394816.749"	"3.95E7"
"CHEBI:17138"	"C3H7O6P"	"[H]C(=O)C(O)COP(O)(O)=O"	"IInChI=1S/C3H7O6P/c4-1-3(5)2-9-10(6,7)8/h1,3,5H,2H2,(H2,6,7,8)"	"Glyceraldehyde-3-phosphate"	"168.99107"	""	"[M-H]-"	"negative"	"12.8"	"NCBITAXON:http://purl.bioontology.org/ontology/NCBITAXON/9606"	"Homo sapiens"	""	""	"5:very good reliability"	""	""	""	""	""	""	"925257.6654"	"36401.58508"	"2890000.0"	"1140000.0"	"12256.47502"	"3430000.0"	"1653908.269"	"12104.42944"	"7040000.0"	"2642221.26"	"31617.73208"	"1.15E7"	"1923300.851"	"46612.00382"	"5410000.0"	"2777716.734"	"47363.42237"	"4800000.0"	"1996530.031"	"22310.016"	"4900000.0"	"2359827.07"	"39914.66612"	"1.56E7"	"1835618.955"	"68168.1331"	"6400000.0"	"2037922.695"	"32649.91738"	"6370000.0"	"1680000.0"	"11961.54291"	"4020000.0"	"2349854.798"	"22454.16405"	"8700000.0"	"1775713.281"	"30590.24804"	"3480000.0"	"1392455.252"	"16551.85507"	"3990000.0"	"1020261.721"	"0"	"2520000.0"	"1343682.816"	"7495.089307"	"1.01E7"
"CHEBI:17270"	"C3H9O6P"	"C(C(CO)OP(=O)(O)O)O"	"InChI=1S/C3H9O6P/c4-1-3(2-5)9-10(6,7)8/h3-5H,1-2H2,(H2,6,7,8)"	"Glycerol-2-phosphate"	"171.00666"	""	"[M-H]-"	"negative"	"12.5"	"NCBITAXON:http://purl.bioontology.org/ontology/NCBITAXON/9606"	"Homo sapiens"	""	""	"5:very good reliability"	""	""	""	""	""	""	"3640113.334"	"2103625.541"	"3300000.0"	"4860000.0"	"1468142.941"	"6620000.0"	"4804697.828"	"1092221.715"	"5840000.0"	"5389154.828"	"1486629.178"	"6310000.0"	"4449742.744"	"2246469.891"	"4060000.0"	"5126430.052"	"1920109.125"	"4520000.0"	"4767084.503"	"1534634.692"	"5090000.0"	"4719594.474"	"1494725.793"	"7130000.0"	"3393671.484"	"2456324.038"	"3640000.0"	"5329227.606"	"1471452.535"	"6930000.0"	"4360000.0"	"1548512.189"	"5060000.0"	"5547074.116"	"1576461.69"	"6860000.0"	"4458195.026"	"2297526.721"	"3600000.0"	"4697730.641"	"1843854.775"	"6870000.0"	"4619307.437"	"1587113.812"	"4430000.0"	"4954411.616"	"1802308.899"	"7450000.0"
"CHEBI:84055"	"C5H11O8P"	""	""	"Pentose-phosphate"	"229.01188"	""	"[M-H]-"	"negative"	"13.2"	"NCBITAXON:http://purl.bioontology.org/ontology/NCBITAXON/9606"	"Homo sapiens"	""	""	"5:very good reliability"	""	""	""	""	""	""	"1405534.946"	"82758.14437"	"2170000.0"	"1500000.0"	"39823.47164"	"2510000.0"	"1797879.455"	"60716.72619"	"3370000.0"	"3224890.255"	"76393.28736"	"4620000.0"	"1649993.333"	"72197.78524"	"2510000.0"	"1938415.276"	"86999.35552"	"2040000.0"	"2104682.434"	"81887.78352"	"3170000.0"	"2564708.85"	"100393.6686"	"5060000.0"	"1442445.814"	"124984.874"	"2650000.0"	"1931843.974"	"78849.4621"	"3260000.0"	"2030000.0"	"88620.52857"	"3280000.0"	"3325409.447"	"134606.087"	"5200000.0"	"2081117.746"	"76459.89296"	"2670000.0"	"2108403.406"	"80305.73983"	"3260000.0"	"2364974.517"	"102022.7394"	"2650000.0"	"2925785.653"	"117097.2728"	"4690000.0"
"CHEBI:88350|CHEBI:88352"	"C3H4O7P-3"	"C(C(CO)OP([O-])([O-])=O)([O-])=O|P(OCC(C([O-])=O)O)([O-])([O-])=O"	"InChI=1S/C3H7O7P/c4-1-2(3(5)6)10-11(7,8)9/h2,4H,1H2,(H,5,6)(H2,7,8,9)/p-3|InChI=1S/C3H7O7P/c4-2(3(5)6)1-10-11(7,8)9/h2,4H,1H2,(H,5,6)(H2,7,8,9)/p-3"	"Phosphoglycerate"	"184.98589"	""	"[M-H]-"	"negative"	"14.4"	"NCBITAXON:http://purl.bioontology.org/ontology/NCBITAXON/9606"	"Homo sapiens"	""	""	"5:very good reliability"	""	""	""	""	""	""	"16200000"	"278322.7024"	"2.46E7"	"2.02E7"	"250329.2507"	"3.04E7"	"20400000"	"193766.7675"	"3.09E7"	"18400000"	"358096.4134"	"2.92E7"	"17600000"	"308669.4093"	"2.67E7"	"22500000"	"378189.6987"	"2.16E7"	"22600000"	"252243.7217"	"3.1E7"	"18000000"	"360372.885"	"3.13E7"	"16700000"	"266050.3716"	"2.6E7"	"22400000"	"347583.6048"	"2.89E7"	"2.48E7"	"212979.636"	"3.37E7"	"19900000"	"277800.3442"	"2.96E7"	"19200000"	"241273.1451"	"2.45E7"	"21000000"	"374135.6592"	"2.73E7"	"26100000"	"251985.4675"	"3.54E7"	"19800000"	"307924.2552"	"2.95E7"
"CHEBI:15721"	"C7H15O10P"	"C(C(C(C(C(C(=O)CO)O)O)O)O)OP(=O)(O)O"	"InChI=1S/C7H15O10P/c8-1-3(9)5(11)7(13)6(12)4(10)2-17-18(14,15)16/h4-8,10-13H,1-2H2,(H2,14,15,16)/t4-,5-,6-,7+/m1/s1"	"Sedoheptulose-7-phosphate"	"289.033"	""	"[M-H]-"	"negative"	"13.7"	"NCBITAXON:http://purl.bioontology.org/ontology/NCBITAXON/9606"	"Homo sapiens"	""	""	"5:very good reliability"	""	""	""	""	""	""	"1398126.19"	"249049.8029"	"820000.0"	"2210000.0"	"200651.6427"	"1250000.0"	"1294807.286"	"276347.6895"	"921000.0"	"2388735.544"	"202638.5426"	"721000.0"	"1435234.867"	"433464.7636"	"804000.0"	"1759769.763"	"313878.029"	"858000.0"	"1962337.523"	"522543.0864"	"1400000.0"	"1415153.688"	"166559.0408"	"606000.0"	"1497534.455"	"549546.175"	"621000.0"	"1823038.151"	"341901.7143"	"1410000.0"	"2010000.0"	"328591.9734"	"1390000.0"	"2149309.48"	"424515.7623"	"1240000.0"	"1692084.877"	"488093.5232"	"1090000.0"	"1815962.343"	"348542.5493"	"1950000.0"	"2238183.564"	"414330.3581"	"1750000.0"	"2181793.266"	"290987.9384"	"988000.0"
"CHEBI:16070"	"C6H12O5"	"C1C(C(C(C(O1)CO)O)O)O"	"InChI=1S/C6H12O5/c7-1-4-6(10)5(9)3(8)2-11-4/h3-10H,1-2H2/t3-,4+,5+,6+/m0/s1"	"1,5-Anhydroglucitol"	"163.06154"	""	"[M-H]-"	"negative"	"9.2"	"NCBITAXON:http://purl.bioontology.org/ontology/NCBITAXON/9606"	"Homo sapiens"	""	""	"5:very good reliability"	""	""	""	""	""	""	"195000000"	"137000000"	"1.66E8"	"7.75E7"	"80900000"	"9.37E7"	"194000000"	"161000000"	"1.8E8"	"180000000"	"141000000"	"1.41E8"	"187000000"	"207000000"	"1.57E8"	"106000000"	"93600000"	"7.41E7"	"207000000"	"182000000"	"1.57E8"	"154000000"	"158000000"	"1.54E8"	"188000000"	"194000000"	"1.73E8"	"98700000"	"94100000"	"9.82E7"	"1.87E8"	"173000000"	"1.71E8"	"177000000"	"149000000"	"1.69E8"	"207000000"	"222000000"	"2.04E8"	"115000000"	"117000000"	"1.13E8"	"210000000"	"209000000"	"1.68E8"	"187000000"	"202000000"	"1.7E8"
"CHEBI:24265"	"C6H11O7-"	""	""	"Gluconate"	"195.05134"	""	"[M-H]-"	"negative"	"11.4"	"NCBITAXON:http://purl.bioontology.org/ontology/NCBITAXON/9606"	"Homo sapiens"	""	""	"5:very good reliability"	""	""	""	""	""	""	"83600000"	"7892973.15"	"1.17E8"	"3.88E7"	"8144640.323"	"5.73E7"	"78400000"	"8612471.251"	"1.2E8"	"73500000"	"10700000"	"1.18E8"	"86800000"	"9165541.727"	"1.34E8"	"42500000"	"9043078.727"	"4.82E7"	"93100000"	"8438473.41"	"1.26E8"	"74800000"	"9239485.886"	"1.31E8"	"103000000"	"8465070.703"	"1.23E8"	"39000000"	"7247731.894"	"6.11E7"	"9.11E7"	"7229569.862"	"1.22E8"	"76900000"	"8593558.35"	"1.15E8"	"88800000"	"7777478.487"	"1.19E8"	"35500000"	"7780739.113"	"5.38E7"	"89600000"	"6826034.764"	"1.22E8"	"66500000"	"8115402.707"	"1.21E8"
"CHEBI:17234"	"C6H12O6"	""	""	"Glucose"	"179.05639"	""	"[M-H]-"	"negative"	"12"	"NCBITAXON:http://purl.bioontology.org/ontology/NCBITAXON/9606"	"Homo sapiens"	""	""	"5:very good reliability"	""	""	""	""	""	""	"171000000"	"149000000"	"1.37E8"	"1.42E8"	"144000000"	"1.32E8"	"185000000"	"172000000"	"1.69E8"	"158000000"	"174000000"	"1.31E8"	"170000000"	"179000000"	"1.51E8"	"179000000"	"177000000"	"1.46E8"	"202000000"	"188000000"	"1.33E8"	"149000000"	"170000000"	"1.42E8"	"173000000"	"192000000"	"1.67E8"	"149000000"	"169000000"	"1.8E8"	"1.76E8"	"177000000"	"1.54E8"	"163000000"	"166000000"	"1.4E8"	"201000000"	"191000000"	"2.03E8"	"197000000"	"196000000"	"1.81E8"	"208000000"	"199000000"	"1.87E8"	"172000000"	"191000000"	"1.43E8"
"CHEBI:17268"	"C6H12O6"	"C1(C(C(C(C(C1O)O)O)O)O)O"	"InChI=1S/C6H12O6/c7-1-2(8)4(10)6(12)5(11)3(1)9/h1-12H"	"myo-Inositol"	"179.05635"	""	"[M-H]-"	"negative"	"14.4"	"NCBITAXON:http://purl.bioontology.org/ontology/NCBITAXON/9606"	"Homo sapiens"	""	""	"5:very good reliability"	""	""	""	""	""	""	"9862881.632"	"5550679.347"	"8530000.0"	"6110000.0"	"5111621.01"	"7990000.0"	"10600000"	"4779782.742"	"8810000.0"	"8254017.173"	"5500905.528"	"6070000.0"	"12100000"	"8574516.598"	"7250000.0"	"9638365.735"	"5344074.987"	"6060000.0"	"9318455.703"	"5927013.61"	"6640000.0"	"7095783.416"	"6735201.17"	"6650000.0"	"8863648.638"	"8651789.64"	"8200000.0"	"8015186.089"	"5599165.645"	"8230000.0"	"8730000.0"	"5394373.581"	"6380000.0"	"6731371.285"	"5326542.773"	"6690000.0"	"11800000"	"10800000"	"1.3E7"	"9418137.004"	"11400000"	"9900000.0"	"13700000"	"7748577.641"	"7420000.0"	"10700000"	"7792784.068"	"7330000.0"
"CHEBI:16810"	"C5H4O5-2"	"C(CC(=O)[O-])C(=O)C(=O)[O-]"	"InChI=1S/C5H6O5/c6-3(5(9)10)1-2-4(7)8/h1-2H2,(H,7,8)(H,9,10)/p-2"	"2-Oxoglutarate"	"145.01466"	""	"[M-H]-"	"negative"	"12.9"	"NCBITAXON:http://purl.bioontology.org/ontology/NCBITAXON/9606"	"Homo sapiens"	""	""	"5:very good reliability"	""	""	""	""	""	""	"6331310.299"	"4745928.074"	"1840000.0"	"3610000.0"	"4335890.394"	"3800000.0"	"5560856.806"	"5005700.821"	"4290000.0"	"11500000"	"6256073.639"	"6220000.0"	"5304844.61"	"5825558.827"	"3010000.0"	"5728873.113"	"5625167.739"	"3070000.0"	"6766507.765"	"6889487.097"	"6310000.0"	"8967699.525"	"6413759.996"	"4980000.0"	"5128259.217"	"6522736.619"	"1810000.0"	"4701440.23"	"6405401.888"	"3910000.0"	"6980000.0"	"7058338.984"	"5740000.0"	"11700000"	"6075699.766"	"9060000.0"	"8621162.132"	"8933596.494"	"6920000.0"	"7455173.888"	"7041670.466"	"6010000.0"	"9821373.592"	"8381462.952"	"9770000.0"	"12000000"	"7227689.523"	"8290000.0"
"CHEBI:36234"	"C24H39O4-"	"[H][C@@]12C[C@H](O)CC[C@]1(C)[C@@]1([H])CC[C@]3(C)[C@]([H])(CC[C@@]3([H])[C@]1([H])[C@H](O)C2)[C@H](C)CCC([O-])=O"	"InChI=1S/C24H40O4/c1-14(4-7-21(27)28)17-5-6-18-22-19(9-11-24(17,18)3)23(2)10-8-16(25)12-15(23)13-20(22)26/h14-20,22,25-26H,4-13H2,1-3H3,(H,27,28)/p-1/t14-,15+,16-,17-,18+,19+,20-,22+,23+,24-/m1/s1"	"Chenodeoxycholate"	"391.28564"	""	"[M-H]-"	"negative"	"3.7"	"NCBITAXON:http://purl.bioontology.org/ontology/NCBITAXON/9606"	"Homo sapiens"	""	""	"5:very good reliability"	""	""	""	""	""	""	"51400000"	"63900000"	"3.08E7"	"2.41E7"	"27200000"	"1.83E7"	"171000000"	"235000000"	"1.1E8"	"27400000"	"20700000"	"1.24E7"	"14900000"	"17100000"	"7460000.0"	"26500000"	"23800000"	"1.43E7"	"48700000"	"71200000"	"2.53E7"	"24900000"	"23300000"	"1.24E7"	"7444250.575"	"7271217.94"	"3550000.0"	"24600000"	"27400000"	"1.88E7"	"2.09E7"	"20200000"	"1.37E7"	"30900000"	"33500000"	"1.97E7"	"17500000"	"39100000"	"1.88E7"	"17900000"	"24900000"	"1.18E7"	"27700000"	"37000000"	"1.63E7"	"45100000"	"57400000"	"1.88E7"
"CHEBI:36252"	"C26H42NO5-"	"[H][C@@]12C[C@H](O)CC[C@]1(C)[C@@]1([H])CC[C@]3(C)[C@]([H])(CC[C@@]3([H])[C@]1([H])[C@H](O)C2)[C@H](C)CCC(=O)NCC([O-])=O"	"InChI=1S/C26H43NO5/c1-15(4-7-22(30)27-14-23(31)32)18-5-6-19-24-20(9-11-26(18,19)3)25(2)10-8-17(28)12-16(25)13-21(24)29/h15-21,24,28-29H,4-14H2,1-3H3,(H,27,30)(H,31,32)/p-1/t15-,16+,17-,18-,19+,20+,21-,24+,25+,26-/m1/s1"	"Glycochenodeoxycholate"	"448.30756"	""	"[M-H]-"	"negative"	"3.7"	"NCBITAXON:http://purl.bioontology.org/ontology/NCBITAXON/9606"	"Homo sapiens"	""	""	"5:very good reliability"	""	""	""	""	""	""	"39100000"	"51300000"	"2.17E7"	"8.41E7"	"94900000"	"5.76E7"	"38100000"	"45500000"	"2.19E7"	"65700000"	"61000000"	"2.53E7"	"34400000"	"38000000"	"1.44E7"	"30200000"	"30100000"	"1.45E7"	"38500000"	"48000000"	"1.79E7"	"22200000"	"24300000"	"8660000.0"	"18200000"	"19500000"	"7680000.0"	"11100000"	"13000000"	"6910000.0"	"1.34E7"	"13200000"	"7560000.0"	"2740290.089"	"2892093.111"	"1220000.0"	"34500000"	"62200000"	"2.78E7"	"12600000"	"16700000"	"6950000.0"	"11100000"	"13500000"	"5810000.0"	"110000000"	"131000000"	"3.96E7"
"CHEBI:16383"	"C6H6O6-3"	"[O-]C(=O)CC(=CC([O-])=O)C([O-])=O"	"InChI=1S/C6H6O6/c7-4(8)1-3(6(11)12)2-5(9)10/h1H,2H2,(H,7,8)(H,9,10)(H,11,12)/p-3/b3-1-"	"cis-Aconitate"	"173.00939"	""	"[M-H]-"	"negative"	"15.4"	"NCBITAXON:http://purl.bioontology.org/ontology/NCBITAXON/9606"	"Homo sapiens"	""	""	"5:very good reliability"	""	""	""	""	""	""	"1558096.805"	"2622664.085"	"714000.0"	"1550000.0"	"1931253.904"	"836000.0"	"1165750.726"	"2520943.765"	"1140000.0"	"2091997.906"	"2237785.304"	"549000.0"	"2328149.649"	"2869697.169"	"1100000.0"	"1805784.322"	"2455137.082"	"860000.0"	"2247057.135"	"3492030.683"	"970000.0"	"1395300.661"	"2408649.118"	"484000.0"	"2457379.578"	"3254471.974"	"1310000.0"	"1486777.998"	"2469183.081"	"1040000.0"	"1610000.0"	"2441319.773"	"930000.0"	"2664104.615"	"2860121.243"	"1280000.0"	"2803628.068"	"3730207.113"	"1450000.0"	"2446731.373"	"3238604.724"	"1000000.0"	"1663104.181"	"3227491.11"	"998000.0"	"1748721.172"	"3336867.671"	"866000.0"
"CHEBI:13997"	"C5H6O5-2"	"CC(O)(CC([O-])=O)C([O-])=O"	"InChI=1S/C5H8O5/c1-5(10,4(8)9)2-3(6)7/h10H,2H2,1H3,(H,6,7)(H,8,9)/p-2"	"Citramalate"	"147.03024"	""	"[M-H]-"	"negative"	"12.6"	"NCBITAXON:http://purl.bioontology.org/ontology/NCBITAXON/9606"	"Homo sapiens"	""	""	"5:very good reliability"	""	""	""	""	""	""	"10100000"	"5182303.951"	"1.07E7"	"1.04E7"	"4566079.086"	"1.55E7"	"10600000"	"3713996.823"	"1.62E7"	"19400000"	"3275258.121"	"2.2E7"	"10900000"	"5866417.044"	"1.48E7"	"14600000"	"5648578.914"	"1.33E7"	"10700000"	"4293999.729"	"1.4E7"	"13200000"	"3224387.419"	"2.68E7"	"11300000"	"5412432.789"	"1.3E7"	"11700000"	"4704749.678"	"1.56E7"	"1.25E7"	"5771921.13"	"1.31E7"	"14900000"	"3436280.014"	"2.15E7"	"10600000"	"5679352.076"	"1.57E7"	"12400000"	"5062040.087"	"1.52E7"	"11500000"	"4504368.869"	"1.37E7"	"15500000"	"3812254.775"	"2.43E7"
"CHEBI:16947"	"C6H5O7-3"	"OC(CC([O-])=O)(CC([O-])=O)C([O-])=O"	"InChI=1S/C6H8O7/c7-3(8)1-6(13,5(11)12)2-4(9)10/h13H,1-2H2,(H,7,8)(H,9,10)(H,11,12)/p-3"	"Citrate"	"191.01996"	""	"[M-H]-"	"negative"	"15.5"	"NCBITAXON:http://purl.bioontology.org/ontology/NCBITAXON/9606"	"Homo sapiens"	""	""	"5:very good reliability"	""	""	""	""	""	""	"45900000"	"77700000"	"2.06E7"	"3.28E7"	"57600000"	"2.39E7"	"33200000"	"76000000"	"2.81E7"	"47900000"	"80100000"	"1.9E7"	"48400000"	"95000000"	"2.56E7"	"44700000"	"75800000"	"2.48E7"	"53100000"	"94900000"	"2.0E7"	"33600000"	"81300000"	"1.7E7"	"59300000"	"101000000"	"3.04E7"	"41300000"	"75100000"	"3.09E7"	"4.04E7"	"75400000"	"2.19E7"	"57000000"	"91300000"	"3.03E7"	"63900000"	"114000000"	"3.67E7"	"47400000"	"92600000"	"2.46E7"	"45700000"	"87300000"	"2.14E7"	"52000000"	"100000000"	"1.97E7"
"CHEBI:30921"	"C5H6O4-2"	"[O-]C(=O)CCCC([O-])=O"	"InChI=1S/C5H8O4/c6-4(7)2-1-3-5(8)9/h1-3H2,(H,6,7)(H,8,9)/p-2"	"Glutarate"	"131.0355"	""	"[M-H]-"	"negative"	"12"	"NCBITAXON:http://purl.bioontology.org/ontology/NCBITAXON/9606"	"Homo sapiens"	""	""	"5:very good reliability"	""	""	""	""	""	""	"13300000"	"10400000"	"9920000.0"	"1.17E7"	"11500000"	"1.28E7"	"12300000"	"13000000"	"1.24E7"	"12600000"	"12600000"	"1.12E7"	"12900000"	"13400000"	"1.19E7"	"15900000"	"12700000"	"1.39E7"	"14600000"	"13100000"	"1.1E7"	"11700000"	"11800000"	"1.3E7"	"13200000"	"13600000"	"1.32E7"	"13700000"	"13100000"	"1.72E7"	"1.3E7"	"12400000"	"1.22E7"	"11900000"	"12600000"	"1.27E7"	"13400000"	"15500000"	"1.58E7"	"14700000"	"14600000"	"1.62E7"	"14400000"	"15400000"	"1.54E7"	"14500000"	"15400000"	"1.24E7"
"CHEBI:33871"	"C3H5O4-"	"OCC(O)C([O-])=O"	"InChI=1S/C3H6O4/c4-1-2(5)3(6)7/h2,4-5H,1H2,(H,6,7)/p-1"	"Glycerate"	"105.02006"	""	"[M-H]-"	"negative"	"10.1"	"NCBITAXON:http://purl.bioontology.org/ontology/NCBITAXON/9606"	"Homo sapiens"	""	""	"5:very good reliability"	""	""	""	""	""	""	"13500000"	"5499485.41"	"5670000.0"	"5610000.0"	"4814889.724"	"5810000.0"	"8656326.676"	"10100000"	"6680000.0"	"18500000"	"10300000"	"1.17E7"	"15500000"	"17500000"	"9800000.0"	"12400000"	"15600000"	"7700000.0"	"8636980.131"	"16200000"	"7190000.0"	"14500000"	"12000000"	"1.01E7"	"15500000"	"16000000"	"1.18E7"	"9445031.964"	"10400000"	"1.03E7"	"1.11E7"	"10900000"	"8710000.0"	"16700000"	"14500000"	"1.29E7"	"16900000"	"20800000"	"1.2E7"	"9690241.493"	"11300000"	"8080000.0"	"15100000"	"8779565.589"	"7360000.0"	"17800000"	"11800000"	"8930000.0"
"CHEBI:15595"	"C4H4O5-2"	"C(C(C(=O)[O-])O)C(=O)[O-]"	"InChI=1S/C4H6O5/c5-2(4(8)9)1-3(6)7/h2,5H,1H2,(H,6,7)(H,8,9)/p-2"	"Malate"	"133.01479"	""	"[M-H]-"	"negative"	"13.3"	"NCBITAXON:http://purl.bioontology.org/ontology/NCBITAXON/9606"	"Homo sapiens"	""	""	"5:very good reliability"	""	""	""	""	""	""	"14500000"	"4941507.704"	"2.0E7"	"1.55E7"	"5309871.543"	"2.83E7"	"16500000"	"5370003.127"	"2.86E7"	"18400000"	"5693242.426"	"3.02E7"	"16200000"	"6425870.978"	"2.46E7"	"24200000"	"5753903.189"	"2.56E7"	"20000000"	"6623547.232"	"2.56E7"	"17400000"	"5910214.678"	"3.29E7"	"16200000"	"6666022.501"	"2.5E7"	"20300000"	"5981780.716"	"3.35E7"	"2.1E7"	"5536142.564"	"2.55E7"	"20800000"	"6757572.612"	"3.25E7"	"22900000"	"8256536.686"	"3.04E7"	"21700000"	"7083255.326"	"2.97E7"	"18400000"	"5718099.209"	"2.72E7"	"18300000"	"7929359.413"	"3.46E7"
"CHEBI:30031"	"C4H4O4-2"	"C(CC(=O)[O-])C(=O)[O-]"	"InChI=1S/C4H6O4/c5-3(6)1-2-4(7)8/h1-2H2,(H,5,6)(H,7,8)/p-2"	"Succinate"	"117.01991"	""	"[M-H]-"	"negative"	"12.7"	"NCBITAXON:http://purl.bioontology.org/ontology/NCBITAXON/9606"	"Homo sapiens"	""	""	"5:very good reliability"	""	""	""	""	""	""	"2348312.982"	"2150042.137"	"1010000.0"	"1850000.0"	"1966329.205"	"2040000.0"	"2234209.568"	"2168921.157"	"2360000.0"	"3166036.114"	"2642990.071"	"1580000.0"	"2505966.841"	"3985659.724"	"1640000.0"	"3838241.929"	"3258289.063"	"1790000.0"	"2665955.712"	"2557133.324"	"1820000.0"	"2299823.36"	"3206319.047"	"1900000.0"	"2137134.043"	"4328495.38"	"1530000.0"	"2830408.225"	"3059908.717"	"2610000.0"	"3400000.0"	"2755399.996"	"2090000.0"	"3054164.984"	"4229302.085"	"2300000.0"	"2548691.785"	"3424878.68"	"2490000.0"	"3439782.476"	"3444650.526"	"2810000.0"	"3595763.184"	"2799142.883"	"3090000.0"	"3376853.573"	"4081707.695"	"2330000.0"
"CHEBI:22653"	"C4H8N2O3"	"C(C(C(=O)O)N)C(=O)N"	"InChI=1S/C4H8N2O3/c5-2(4(8)9)1-3(6)7/h2H,1,5H2,(H2,6,7)(H,8,9)/t2-/m1/s1"	"Asparagine"	"131.0467"	""	"[M-H]-"	"negative"	"12.2"	"NCBITAXON:http://purl.bioontology.org/ontology/NCBITAXON/9606"	"Homo sapiens"	""	""	"5:very good reliability"	""	""	""	""	""	""	"15600000"	"10500000"	"1.35E7"	"1.46E7"	"9972264.757"	"1.82E7"	"16300000"	"11200000"	"1.68E7"	"11300000"	"9745072.793"	"1.06E7"	"15100000"	"13400000"	"1.6E7"	"17700000"	"12800000"	"1.64E7"	"15800000"	"13500000"	"1.79E7"	"9433320.084"	"10400000"	"1.29E7"	"14500000"	"13500000"	"1.48E7"	"16900000"	"10300000"	"1.96E7"	"1.48E7"	"10300000"	"1.81E7"	"11400000"	"8173667.449"	"1.17E7"	"18300000"	"15400000"	"1.78E7"	"18100000"	"17400000"	"2.11E7"	"15400000"	"9758723.21"	"1.61E7"	"12800000"	"12500000"	"1.19E7"
"CHEBI:29995"	"C4H5NO4-2"	"NC(CC([O-])=O)C([O-])=O"	"InChI=1S/C4H7NO4/c5-2(4(8)9)1-3(6)7/h2H,1,5H2,(H,6,7)(H,8,9)/p-2"	"Aspartate"	"132.03071"	""	"[M-H]-"	"negative"	"12.4"	"NCBITAXON:http://purl.bioontology.org/ontology/NCBITAXON/9606"	"Homo sapiens"	""	""	"5:very good reliability"	""	""	""	""	""	""	"19400000"	"3915744.875"	"2.25E7"	"1.38E7"	"2980755.681"	"2.7E7"	"13000000"	"2682262.782"	"2.02E7"	"18300000"	"3399312.03"	"2.53E7"	"18000000"	"5275399.268"	"3.19E7"	"23400000"	"4638422.715"	"2.46E7"	"13900000"	"3675175.658"	"2.17E7"	"14500000"	"4197625.359"	"3.12E7"	"18300000"	"6369046.035"	"2.89E7"	"19200000"	"3755354.373"	"3.57E7"	"1.44E7"	"4232165.163"	"2.29E7"	"16900000"	"2975829.87"	"2.85E7"	"20800000"	"5724445.164"	"3.35E7"	"19300000"	"3804378.875"	"3.42E7"	"15400000"	"3369757.174"	"2.15E7"	"20600000"	"5701887.759"	"3.02E7"
"CHEBI:29987"	"C5H7NO4-2"	"C(CC(=O)[O-])C(C(=O)[O-])N"	"InChI=1S/C5H9NO4/c6-3(5(9)10)1-2-4(7)8/h3H,1-2,6H2,(H,7,8)(H,9,10)/p-2/t3-/m0/s1"	"Glutamate"	"146.04629"	""	"[M-H]-"	"negative"	"11.8"	"NCBITAXON:http://purl.bioontology.org/ontology/NCBITAXON/9606"	"Homo sapiens"	""	""	"5:very good reliability"	""	""	""	""	""	""	"61400000"	"13200000"	"5.15E7"	"4.33E7"	"11200000"	"7.69E7"	"55500000"	"15700000"	"6.93E7"	"67800000"	"14100000"	"6.48E7"	"62900000"	"22700000"	"6.55E7"	"66000000"	"15400000"	"5.55E7"	"64300000"	"25000000"	"6.53E7"	"62600000"	"10300000"	"1.02E8"	"62600000"	"26300000"	"8.78E7"	"60400000"	"14100000"	"9.48E7"	"6.69E7"	"29800000"	"1.04E8"	"83900000"	"11800000"	"1.16E8"	"75000000"	"24000000"	"9.84E7"	"62000000"	"21000000"	"9.88E7"	"71400000"	"29700000"	"9.6E7"	"83000000"	"16200000"	"1.25E8"
"CHEBI:28300"	"C5H10N2O3"	"C(CC(=O)N)C(C(=O)O)N"	"InChI=1S/C5H10N2O3/c6-3(5(9)10)1-2-4(7)8/h3H,1-2,6H2,(H2,7,8)(H,9,10)"	"Glutamine"	"145.06242"	""	"[M-H]-"	"negative"	"12.2"	"NCBITAXON:http://purl.bioontology.org/ontology/NCBITAXON/9606"	"Homo sapiens"	""	""	"5:very good reliability"	""	""	""	""	""	""	"140000000"	"145000000"	"1.07E8"	"1.65E8"	"148000000"	"1.81E8"	"160000000"	"161000000"	"1.47E8"	"108000000"	"144000000"	"7.26E7"	"156000000"	"190000000"	"1.2E8"	"196000000"	"177000000"	"1.52E8"	"166000000"	"193000000"	"1.43E8"	"94300000"	"153000000"	"7.27E7"	"145000000"	"198000000"	"1.16E8"	"192000000"	"170000000"	"1.95E8"	"1.59E8"	"161000000"	"1.52E8"	"113000000"	"138000000"	"8.06E7"	"174000000"	"203000000"	"1.45E8"	"204000000"	"243000000"	"2.12E8"	"172000000"	"163000000"	"1.45E8"	"111000000"	"170000000"	"7.41E7"
"CHEBI:24898"	"C6H13NO2"	""	""	"Isoleucine"	"130.08786"	""	"[M-H]-"	"negative"	"8.5"	"NCBITAXON:http://purl.bioontology.org/ontology/NCBITAXON/9606"	"Homo sapiens"	""	""	"5:very good reliability"	""	""	""	""	""	""	"131000000"	"80800000"	"1.01E8"	"5.88E7"	"55200000"	"7.01E7"	"135000000"	"111000000"	"1.25E8"	"79900000"	"60900000"	"5.8E7"	"103000000"	"109000000"	"8.78E7"	"81200000"	"58100000"	"5.8E7"	"129000000"	"112000000"	"1.08E8"	"61500000"	"66100000"	"7.27E7"	"83100000"	"94300000"	"8.13E7"	"70700000"	"67500000"	"7.15E7"	"1.0E8"	"94300000"	"8.99E7"	"73600000"	"54800000"	"6.32E7"	"95000000"	"87900000"	"9.04E7"	"80400000"	"86400000"	"8.13E7"	"115000000"	"116000000"	"9.07E7"	"93900000"	"89800000"	"8.06E7"
"CHEBI:25017"	"C6H13NO2"	"CC(C)CC(C(=O)O)N"	"InChI=1S/C6H13NO2/c1-4(2)3-5(7)6(8)9/h4-5H,3,7H2,1-2H3,(H,8,9)"	"Leucine"	"130.08764"	""	"[M-H]-"	"negative"	"8.1"	"NCBITAXON:http://purl.bioontology.org/ontology/NCBITAXON/9606"	"Homo sapiens"	""	""	"5:very good reliability"	""	""	""	""	""	""	"92500000"	"86800000"	"1.05E8"	"6.82E7"	"64400000"	"7.58E7"	"112000000"	"104000000"	"1.2E8"	"96800000"	"75200000"	"8.15E7"	"94100000"	"105000000"	"9.39E7"	"72100000"	"63400000"	"6.6E7"	"111000000"	"107000000"	"1.13E8"	"71200000"	"78300000"	"8.0E7"	"89700000"	"86300000"	"9.36E7"	"75900000"	"77400000"	"8.15E7"	"9.33E7"	"87500000"	"1.03E8"	"70500000"	"62900000"	"7.6E7"	"83300000"	"79300000"	"9.0E7"	"94600000"	"92900000"	"9.87E7"	"114000000"	"109000000"	"1.04E8"	"85800000"	"86100000"	"8.2E7"
"CHEBI:25094"	"C6H14N2O2"	"CC(CCCN)(C(=O)O)N"	"InChI=1S/C6H14N2O2/c1-6(8,5(9)10)3-2-4-7/h2-4,7-8H2,1H3,(H,9,10)"	"Lysine"	"145.09876"	""	"[M-H]-"	"negative"	"21.4"	"NCBITAXON:http://purl.bioontology.org/ontology/NCBITAXON/9606"	"Homo sapiens"	""	""	"5:very good reliability"	""	""	""	""	""	""	"27800000"	"32100000"	"2.93E7"	"2.18E7"	"21800000"	"2.42E7"	"30100000"	"26700000"	"2.86E7"	"24600000"	"23200000"	"1.36E7"	"30100000"	"31400000"	"2.4E7"	"25800000"	"25100000"	"1.59E7"	"29800000"	"29500000"	"2.33E7"	"20200000"	"23000000"	"1.64E7"	"25500000"	"30400000"	"2.33E7"	"23700000"	"22700000"	"2.38E7"	"2.64E7"	"24400000"	"2.43E7"	"20000000"	"17500000"	"1.62E7"	"21800000"	"23500000"	"1.92E7"	"24300000"	"32800000"	"2.16E7"	"28700000"	"27300000"	"2.12E7"	"22400000"	"25300000"	"1.66E7"
"CHEBI:16811"	"C5H11NO2S"	"CSCCC(C(=O)O)N"	"InChI=1S/C5H11NO2S/c1-9-3-2-4(6)5(7)8/h4H,2-3,6H2,1H3,(H,7,8)"	"Methionine"	"148.04421"	""	"[M-H]-"	"negative"	"8.6"	"NCBITAXON:http://purl.bioontology.org/ontology/NCBITAXON/9606"	"Homo sapiens"	""	""	"5:very good reliability"	""	""	""	""	""	""	"21000000"	"13600000"	"1.99E7"	"1.17E7"	"10700000"	"1.42E7"	"13700000"	"11000000"	"1.36E7"	"12900000"	"8673030.333"	"1.19E7"	"19300000"	"18400000"	"1.84E7"	"15300000"	"10600000"	"1.17E7"	"13400000"	"11700000"	"1.22E7"	"10400000"	"9220701.932"	"1.36E7"	"16500000"	"15700000"	"1.67E7"	"14100000"	"11300000"	"1.5E7"	"1.14E7"	"10200000"	"1.12E7"	"10600000"	"7037132.475"	"1.1E7"	"16800000"	"14900000"	"1.72E7"	"18300000"	"18800000"	"1.89E7"	"13000000"	"12900000"	"1.12E7"	"14600000"	"13700000"	"1.42E7"
"CHEBI:26271"	"C5H9NO2"	"C1CC(NC1)C(=O)O"	"InChI=1S/C5H9NO2/c7-5(8)4-2-1-3-6-4/h4,6H,1-3H2,(H,7,8)"	"Proline"	"114.05675"	""	"[M-H]-"	"negative"	"10.2"	"NCBITAXON:http://purl.bioontology.org/ontology/NCBITAXON/9606"	"Homo sapiens"	""	""	"5:very good reliability"	""	""	""	""	""	""	"16500000"	"15000000"	"1.86E7"	"1.21E7"	"11500000"	"1.62E7"	"13500000"	"10700000"	"1.54E7"	"8959546.642"	"7136072.996"	"7110000.0"	"20600000"	"18800000"	"1.58E7"	"14100000"	"9614636.434"	"1.02E7"	"15900000"	"12800000"	"1.29E7"	"7230303.395"	"6693400.754"	"7880000.0"	"15400000"	"16900000"	"1.64E7"	"11400000"	"8491667.04"	"1.28E7"	"1.23E7"	"10800000"	"1.12E7"	"6940096.234"	"5339357.979"	"6670000.0"	"25200000"	"27000000"	"2.6E7"	"17100000"	"18200000"	"1.68E7"	"15900000"	"14400000"	"1.34E7"	"10500000"	"10800000"	"1.04E7"
"CHEBI:17822"	"C3H7NO3"	"C(C(C(=O)O)N)O"	"InChI=1S/C3H7NO3/c4-2(1-5)3(6)7/h2,5H,1,4H2,(H,6,7)"	"Serine"	"104.036"	""	"[M-H]-"	"negative"	"12.7"	"NCBITAXON:http://purl.bioontology.org/ontology/NCBITAXON/9606"	"Homo sapiens"	""	""	"5:very good reliability"	""	""	""	""	""	""	"10600000"	"8971668.613"	"9910000.0"	"5420000.0"	"5771949.501"	"7790000.0"	"8337272.656"	"6860945.406"	"9660000.0"	"8583924.248"	"8994750.58"	"7780000.0"	"11800000"	"12700000"	"1.05E7"	"8516997.366"	"8051188.267"	"6040000.0"	"8851226.751"	"7808060.738"	"8870000.0"	"6948270.813"	"9136032.756"	"9270000.0"	"10500000"	"12600000"	"1.23E7"	"7423340.523"	"7659488.771"	"8520000.0"	"8320000.0"	"7969022.527"	"7550000.0"	"8321950.194"	"9110424.182"	"8910000.0"	"11700000"	"13200000"	"1.45E7"	"9602053.302"	"9729608.934"	"1.02E7"	"8431256.756"	"8492504.75"	"9090000.0"	"10700000"	"11700000"	"1.22E7"
"CHEBI:26986"	"C4H9NO3"	""	""	"Threonine"	"118.05159"	""	"[M-H]-"	"negative"	"11.7"	"NCBITAXON:http://purl.bioontology.org/ontology/NCBITAXON/9606"	"Homo sapiens"	""	""	"5:very good reliability"	""	""	""	""	""	""	"31800000"	"25800000"	"2.98E7"	"2.97E7"	"29800000"	"3.67E7"	"27300000"	"22700000"	"2.75E7"	"16700000"	"17700000"	"1.64E7"	"31100000"	"34500000"	"3.15E7"	"35100000"	"31500000"	"3.01E7"	"27000000"	"26200000"	"2.43E7"	"14600000"	"18000000"	"1.83E7"	"30400000"	"30800000"	"3.13E7"	"31900000"	"29900000"	"3.83E7"	"2.34E7"	"20600000"	"2.2E7"	"16200000"	"16000000"	"1.72E7"	"30500000"	"32200000"	"3.61E7"	"38000000"	"40200000"	"3.9E7"	"29900000"	"27500000"	"2.67E7"	"20300000"	"23300000"	"2.17E7"
"CHEBI:27266"	"C5H11NO2"	"CC(C)C(C(=O)O)N"	"InChI=1S/C5H11NO2/c1-3(2)4(6)5(7)8/h3-4H,6H2,1-2H3,(H,7,8)"	"Valine"	"116.07231"	""	"[M-H]-"	"negative"	"9.7"	"NCBITAXON:http://purl.bioontology.org/ontology/NCBITAXON/9606"	"Homo sapiens"	""	""	"5:very good reliability"	""	""	""	""	""	""	"56700000"	"49300000"	"5.87E7"	"4.2E7"	"40300000"	"5.4E7"	"67600000"	"54900000"	"6.94E7"	"47500000"	"36900000"	"3.83E7"	"61200000"	"58700000"	"5.19E7"	"54500000"	"42100000"	"3.97E7"	"74000000"	"62300000"	"6.08E7"	"36200000"	"37000000"	"3.92E7"	"48900000"	"50600000"	"4.94E7"	"48700000"	"40800000"	"5.18E7"	"5.65E7"	"51600000"	"5.43E7"	"39200000"	"31500000"	"3.85E7"	"47700000"	"47800000"	"4.68E7"	"49100000"	"50300000"	"5.02E7"	"72300000"	"62300000"	"5.79E7"	"46700000"	"49500000"	"4.74E7"
"CHEBI:87271"	"C6H7NO5-2"	"CC(=O)NC(CC([O-])=O)C([O-])=O"	"InChI=1S/C6H9NO5/c1-3(8)7-4(6(11)12)2-5(9)10/h4H,2H2,1H3,(H,7,8)(H,9,10)(H,11,12)/p-2"	"N-Acetyl-aspartate"	"174.04102"	""	"[M-H]-"	"negative"	"12.2"	"NCBITAXON:http://purl.bioontology.org/ontology/NCBITAXON/9606"	"Homo sapiens"	""	""	"5:very good reliability"	""	""	""	""	""	""	"1146725.867"	"772622.2753"	"600000.0"	"742000.0"	"863798.7267"	"916000.0"	"733759.5958"	"857840.1709"	"919000.0"	"950343.4832"	"1016005.143"	"695000.0"	"845400.0955"	"1132957.254"	"618000.0"	"1203280.503"	"1136189.478"	"862000.0"	"848504.0361"	"1100876.371"	"691000.0"	"761412.9004"	"1041740.124"	"629000.0"	"810588.7454"	"1190771.678"	"838000.0"	"839272.0106"	"1114614.429"	"1010000.0"	"790000.0"	"868254.5349"	"642000.0"	"978317.5429"	"1210503.828"	"796000.0"	"853712.6392"	"874363.029"	"950000.0"	"937432.8722"	"1278283.688"	"968000.0"	"911454.0846"	"983759.6942"	"907000.0"	"1019836.1"	"1752216.24"	"824000.0"
"CHEBI:16737"	"C4H7N3O"	"CN1CC(=O)N=C1N"	"InChI=1S/C4H7N3O/c1-7-2-3(8)6-4(7)5/h2H2,1H3,(H2,5,6,8)"	"Creatinine"	"112.05234"	""	"[M-H]-"	"negative"	"6.9"	"NCBITAXON:http://purl.bioontology.org/ontology/NCBITAXON/9606"	"Homo sapiens"	""	""	"5:very good reliability"	""	""	""	""	""	""	"37000000"	"27700000"	"2.78E7"	"3.16E7"	"27200000"	"2.93E7"	"32100000"	"32300000"	"3.03E7"	"25600000"	"23100000"	"2.26E7"	"33900000"	"39700000"	"3.14E7"	"39700000"	"34600000"	"3.07E7"	"35600000"	"34200000"	"3.04E7"	"27000000"	"26500000"	"2.56E7"	"39400000"	"38000000"	"3.47E7"	"37800000"	"38100000"	"3.57E7"	"3.59E7"	"30700000"	"3.28E7"	"24700000"	"24700000"	"2.39E7"	"34200000"	"30800000"	"3.14E7"	"37000000"	"41200000"	"3.63E7"	"36600000"	"33300000"	"3.33E7"	"29300000"	"30600000"	"2.57E7"
"CHEBI:43355"	"C8H7NO4S"	"C1=CC=C2C(=C1)C(=CN2)OS(=O)(=O)O"	"InChI=1S/C8H7NO4S/c10-14(11,12)13-8-5-9-7-4-2-1-3-6(7)8/h1-5,9H,(H,10,11,12)"	"Indoxyl-sulfate"	"212.00245"	""	"[M-H]-"	"negative"	"4.8"	"NCBITAXON:http://purl.bioontology.org/ontology/NCBITAXON/9606"	"Homo sapiens"	""	""	"5:very good reliability"	""	""	""	""	""	""	"33600000"	"31800000"	"1.56E7"	"2.67E7"	"36200000"	"1.93E7"	"35200000"	"51600000"	"2.18E7"	"26000000"	"26400000"	"1.12E7"	"27400000"	"41700000"	"1.41E7"	"31100000"	"35100000"	"1.81E7"	"37600000"	"57500000"	"1.95E7"	"23500000"	"26900000"	"1.05E7"	"28200000"	"35600000"	"1.48E7"	"32000000"	"46200000"	"2.17E7"	"4.54E7"	"51600000"	"2.88E7"	"21400000"	"28600000"	"1.14E7"	"14000000"	"19400000"	"8760000.0"	"62100000"	"97300000"	"3.87E7"	"35200000"	"53000000"	"2.15E7"	"34500000"	"45400000"	"1.56E7"
"CHEBI:18257"	"C5H12N2O2"	"C(CC(C(=O)O)N)CN"	"InChI=1S/C5H12N2O2/c6-3-1-2-4(7)5(8)9/h4H,1-3,6-7H2,(H,8,9)"	"Ornithine"	"131.08315"	""	"[M-H]-"	"negative"	"19"	"NCBITAXON:http://purl.bioontology.org/ontology/NCBITAXON/9606"	"Homo sapiens"	""	""	"5:very good reliability"	""	""	""	""	""	""	"10900000"	"9450888.621"	"1.42E7"	"9490000.0"	"8246546.397"	"1.24E7"	"13000000"	"10500000"	"1.34E7"	"4742987.421"	"3667277.454"	"4250000.0"	"12400000"	"9905869.945"	"1.24E7"	"12000000"	"9473537.463"	"8410000.0"	"12800000"	"11500000"	"1.18E7"	"4653293.15"	"3497671.218"	"5260000.0"	"9864812.457"	"8826734.571"	"9940000.0"	"10500000"	"7927141.239"	"1.22E7"	"1.07E7"	"8979709.665"	"1.2E7"	"5043947.693"	"2895138.833"	"5480000.0"	"10100000"	"8453609.503"	"1.09E7"	"10900000"	"12600000"	"1.22E7"	"11200000"	"8910182.107"	"9340000.0"	"5807859.98"	"4100115.875"	"6690000.0"
"CHEBI:16675"	"C7H5NO4"	"C1=CC(=C(N=C1)C(=O)O)C(=O)O"	"InChI=1S/C7H5NO4/c9-6(10)4-2-1-3-8-5(4)7(11)12/h1-3H,(H,9,10)(H,11,12)"	"Quinolinic acid"	"166.01486"	""	"[M-H]-"	"negative"	"12.6"	"NCBITAXON:http://purl.bioontology.org/ontology/NCBITAXON/9606"	"Homo sapiens"	""	""	"5:very good reliability"	""	""	""	""	""	""	"539710.5183"	"617703.4283"	"196000.0"	"224000.0"	"180847.4488"	"112000.0"	"250809.0104"	"667448.0445"	"257000.0"	"395942.8262"	"726674.8584"	"111000.0"	"480137.4331"	"1131194.787"	"207000.0"	"276205.1318"	"422641.1777"	"151000.0"	"392671.2127"	"663408.0859"	"206000.0"	"423186.6086"	"817874.371"	"171000.0"	"631682.8752"	"1264362.04"	"328000.0"	"171390.9208"	"394545.7282"	"165000.0"	"523000.0"	"937742.5409"	"292000.0"	"420829.5375"	"1039965.935"	"186000.0"	"317116.7724"	"616309.5221"	"175000.0"	"209972.89"	"274716.6034"	"137000.0"	"383482.2417"	"685992.8246"	"256000.0"	"532511.8443"	"1208937.251"	"202000.0"
"CHEBI:15891"	"C2H7NO3S"	"C(CS(=O)(=O)O)N"	"InChI=1S/C2H7NO3S/c3-1-2-7(4,5)6/h1-3H2,(H,4,5,6)"	"Taurine"	"124.00798"	""	"[M-H]-"	"negative"	"11.9"	"NCBITAXON:http://purl.bioontology.org/ontology/NCBITAXON/9606"	"Homo sapiens"	""	""	"5:very good reliability"	""	""	""	""	""	""	"93500000"	"86000000"	"7.02E7"	"8.36E7"	"83500000"	"7.13E7"	"92600000"	"86900000"	"9.66E7"	"90200000"	"87000000"	"6.91E7"	"98900000"	"111000000"	"5.5E7"	"97800000"	"103000000"	"6.11E7"	"103000000"	"97500000"	"7.18E7"	"90000000"	"90800000"	"5.51E7"	"95200000"	"110000000"	"7.06E7"	"92400000"	"101000000"	"8.96E7"	"1.14E8"	"103000000"	"8.25E7"	"105000000"	"96200000"	"1.01E8"	"95300000"	"111000000"	"9.06E7"	"95000000"	"127000000"	"7.16E7"	"120000000"	"98700000"	"1.03E8"	"100000000"	"111000000"	"6.84E7"
"CHEBI:42334"	"C8H18N2O4S"	"OCCN1CCN(CC1)CCS(O)(=O)=O"	"InChI=1S/C8H18N2O4S/c11-7-5-9-1-3-10(4-2-9)6-8-15(12,13)14/h11H,1-8H2,(H,12,13,14)"	"HEPES [M-H]-"	"237.09144"	""	"[M-H]-"	"negative"	"8.1"	"NCBITAXON:http://purl.bioontology.org/ontology/NCBITAXON/9606"	"Homo sapiens"	""	""	"5:very good reliability"	""	""	""	""	""	""	"201000000"	"171000000"	"2.15E8"	"1.9E8"	"157000000"	"2.24E8"	"214000000"	"187000000"	"2.43E8"	"245000000"	"193000000"	"2.14E8"	"222000000"	"207000000"	"2.4E8"	"217000000"	"181000000"	"1.86E8"	"237000000"	"210000000"	"2.57E8"	"202000000"	"196000000"	"2.49E8"	"216000000"	"218000000"	"2.47E8"	"211000000"	"173000000"	"2.47E8"	"2.36E8"	"196000000"	"2.55E8"	"236000000"	"205000000"	"2.52E8"	"232000000"	"213000000"	"2.45E8"	"217000000"	"238000000"	"2.3E8"	"239000000"	"221000000"	"2.25E8"	"240000000"	"233000000"	"2.37E8"
"CHEBI:39033"	"C8H18N2O6S2"	"C1CN(CCN1CCS(=O)(=O)O)CCS(=O)(=O)O"	"InChI=1S/C8H18N2O6S2/c11-17(12,13)7-5-9-1-2-10(4-3-9)6-8-18(14,15)16/h1-8H2,(H,11,12,13)(H,14,15,16)"	"PIPES [M-H]-"	"301.05372"	""	"[M-H]-"	"negative"	"11.9"	"NCBITAXON:http://purl.bioontology.org/ontology/NCBITAXON/9606"	"Homo sapiens"	""	""	"5:very good reliability"	""	""	""	""	""	""	"50800000"	"54400000"	"5.65E7"	"5.54E7"	"50500000"	"5.53E7"	"54700000"	"64100000"	"6.74E7"	"44900000"	"63900000"	"4.45E7"	"58500000"	"62400000"	"6.25E7"	"54600000"	"65100000"	"4.74E7"	"61600000"	"68800000"	"7.89E7"	"50100000"	"59400000"	"6.43E7"	"59500000"	"66100000"	"6.07E7"	"55200000"	"51000000"	"7.15E7"	"6.27E7"	"57500000"	"7.44E7"	"56200000"	"66300000"	"4.95E7"	"57900000"	"62500000"	"7.21E7"	"58300000"	"64000000"	"6.79E7"	"61900000"	"72300000"	"7.37E7"	"55700000"	"68200000"	"4.92E7"
