"database_identifier"	"chemical_formula"	"smiles"	"inchi"	"metabolite_identification"	"mass_to_charge"	"fragmentation"	"modifications"	"charge"	"retention_time"	"taxid"	"species"	"database"	"database_version"	"reliability"	"uri"	"search_engine"	"search_engine_score"	"smallmolecule_abundance_sub"	"smallmolecule_abundance_stdev_sub"	"smallmolecule_abundance_std_error_sub"	"Person01_plasma_youth_POS"	"Person02_plasma_youth_POS"	"Person03_plasma_youth_POS"	"Person04_plasma_youth_POS"	"Person05_plasma_elder_POS"	"Person06_plasma_elder_POS"	"Person07_plasma_elder_POS"	"Person08_plasma_elder_POS"	"Person09_plasma_elder_POS"	"Person10_plasma_elder_POS"	"Person11_plasma_youth_POS"	"Person12_plasma_youth_POS"	"Person13_plasma_youth_POS"	"Person14_plasma_youth_POS"	"Person15_plasma_youth_POS"	"Person16_plasma_youth_POS"	"Person17_plasma_youth_POS"	"Person18_plasma_elder_POS"	"Person19_plasma_elder_POS"	"Person20_plasma_youth_POS"	"Person21_plasma_youth_POS"	"Person22_plasma_elder_POS"	"Person23_plasma_elder_POS"	"Person24_plasma_elder_POS"	"Person25_plasma_elder_POS"	"Person26_plasma_elder_POS"	"Person27_plasma_youth_POS"	"Person28_plasma_youth_POS"	"Person29_plasma_elder_POS"	"Person30_plasma_elder_POS"
"CHEBI:16761"	"C10H15N5O10P2"	"Nc1ncnc2n(cnc12)[C@@H]1O[C@H](COP(O)(=O)OP(O)(O)=O)[C@@H](O)[C@H]1O"	"InChI=1S/C10H15N5O10P2/c11-8-5-9(13-2-12-8)15(3-14-5)10-7(17)6(16)4(24-10)1-23-27(21,22)25-26(18,19)20/h2-4,6-7,10,16-17H,1H2,(H,21,22)(H2,11,12,13)(H2,18,19,20)/t4-,6-,7-,10-/m1/s1"	"ADP"	"428.03564"	""	"[M+H]+"	"positive"	"12.8"	"NCBITAXON:http://purl.bioontology.org/ontology/NCBITAXON/9606"	"Homo sapiens"	""	""	"5:very good reliability"	""	""	""	""	""	""	"2960993.854"	"1619368.353"	"3480322.414"	"1622991.652"	"8893910.805"	"10600000"	"8277364.398"	"4656429.227"	"1331638.655"	"3617000.936"	"4074829.215"	"5186922.33"	"6979049.546"	"3540203.498"	"6331504.777"	"6043040.084"	"9582769.106"	"5149746.703"	"7862473.221"	"4532454.002"	"9324679.039"	"8893718.11"	"6567042.753"	"3113142.307"	"681108.6127"	"4228385.405"	"7106997.179"	"4422810.251"	"2565515.943"	"2284765.368"
"CHEBI:16027"	"C10H14N5O7P"	"Nc1ncnc2n(cnc12)[C@@H]1O[C@H](COP(O)(O)=O)[C@@H](O)[C@H]1O"	"InChI=1S/C10H14N5O7P/c11-8-5-9(13-2-12-8)15(3-14-5)10-7(17)6(16)4(22-10)1-21-23(18,19)20/h2-4,6-7,10,16-17H,1H2,(H2,11,12,13)(H2,18,19,20)/t4-,6-,7-,10-/m1/s1"	"AMP"	"348.06951"	""	"[M+H]+"	"positive"	"11.6"	"NCBITAXON:http://purl.bioontology.org/ontology/NCBITAXON/9606"	"Homo sapiens"	""	""	"5:very good reliability"	""	""	""	""	""	""	"2377680.103"	"1065488.518"	"1367519.021"	"1285338.821"	"3997082.843"	"4961326.28"	"4795397.6"	"1525530.062"	"986891.9851"	"2350139.081"	"1571702.059"	"3283153.952"	"2355457.343"	"2061682.538"	"2736426.431"	"2196545.708"	"4937563.536"	"2470484.331"	"6994142.486"	"3884037.796"	"5600335.087"	"3491292.692"	"2010645.757"	"2295374.43"	"520786.2468"	"1806797.561"	"2915127.061"	"2994547.543"	"1335311.315"	"699542.0082"
"CHEBI:15422"	"C10H16N5O13P3"	"Nc1ncnc2n(cnc12)[C@@H]1O[C@H](COP(O)(=O)OP(O)(=O)OP(O)(O)=O)[C@@H](O)[C@H]1O"	"InChI=1S/C10H16N5O13P3/c11-8-5-9(13-2-12-8)15(3-14-5)10-7(17)6(16)4(26-10)1-25-30(21,22)28-31(23,24)27-29(18,19)20/h2-4,6-7,10,16-17H,1H2,(H,21,22)(H,23,24)(H2,11,12,13)(H2,18,19,20)/t4-,6-,7-,10-/m1/s1"	"ATP"	"508.00152"	""	"[M+H]+"	"positive"	"13.9"	"NCBITAXON:http://purl.bioontology.org/ontology/NCBITAXON/9606"	"Homo sapiens"	""	""	"5:very good reliability"	""	""	""	""	""	""	"12300000"	"5906019.664"	"19200000"	"7512130.406"	"13100000"	"18900000"	"13700000"	"8306257.847"	"9002245.774"	"12100000"	"12400000"	"18700000"	"18500000"	"12700000"	"18300000"	"21800000"	"18900000"	"10600000"	"16600000"	"9316621.096"	"19100000"	"17900000"	"24200000"	"13400000"	"3018257.147"	"12900000"	"24100000"	"14700000"	"9004299.118"	"8761347.478"
"CHEBI:17677"	"C9H16N3O14P3"	"Nc1ccn([C@@H]2O[C@H](COP(O)(=O)OP(O)(=O)OP(O)(O)=O)[C@@H](O)[C@H]2O)c(=O)n1"	"InChI=1S/C9H16N3O14P3/c10-5-1-2-12(9(15)11-5)8-7(14)6(13)4(24-8)3-23-28(19,20)26-29(21,22)25-27(16,17)18/h1-2,4,6-8,13-14H,3H2,(H,19,20)(H,21,22)(H2,10,11,15)(H2,16,17,18)/t4-,6-,7-,8-/m1/s1"	"CTP"	"483.99045"	""	"[M+H]+"	"positive"	"15.5"	"NCBITAXON:http://purl.bioontology.org/ontology/NCBITAXON/9606"	"Homo sapiens"	""	""	"5:very good reliability"	""	""	""	""	""	""	"225247.4325"	"78189.13989"	"413001.2598"	"106656.3328"	"262568.8897"	"415491.857"	"140434.8697"	"159180.5063"	"191615.3282"	"199705.724"	"185025.5926"	"390000.7572"	"407673.7371"	"187126.0283"	"378411.4751"	"620570.8637"	"460791.8391"	"159064.643"	"306415.6449"	"157128.2036"	"340555.1203"	"454636.4524"	"407948.8775"	"203782.6665"	"31940.04946"	"269934.7594"	"545463.3441"	"230895.3254"	"125392.1779"	"133102.5562"
"CHEBI:15996"	"C10H16N5O14P3"	"Nc1nc2n(cnc2c(=O)[nH]1)[C@@H]1O[C@H](COP(O)(=O)OP(O)(=O)OP(O)(O)=O)[C@@H](O)[C@H]1O"	"InChI=1S/C10H16N5O14P3/c11-10-13-7-4(8(18)14-10)12-2-15(7)9-6(17)5(16)3(27-9)1-26-31(22,23)29-32(24,25)28-30(19,20)21/h2-3,5-6,9,16-17H,1H2,(H,22,23)(H,24,25)(H2,19,20,21)(H3,11,13,14,18)/t3-,5-,6-,9-/m1/s1"	"GTP"	"523.99648"	""	"[M+H]+"	"positive"	"16.4"	"NCBITAXON:http://purl.bioontology.org/ontology/NCBITAXON/9606"	"Homo sapiens"	""	""	"5:very good reliability"	""	""	""	""	""	""	"597521.0322"	"211887.5145"	"1500016.991"	"285458.6883"	"1050195.354"	"1020410.03"	"444747.7068"	"499213.1827"	"431464.8798"	"594253.7143"	"623035.6504"	"1058143.761"	"1046383.029"	"651416.4129"	"916308.7812"	"1488273.523"	"1029780.021"	"628477.7287"	"968382.3652"	"396700.381"	"1410423.177"	"1260528.628"	"1408165.04"	"741242.3903"	"93651.81289"	"626916.0631"	"1709009.205"	"833032.5625"	"399622.5178"	"396514.3376"
"CHEBI:17202"	"C10H13N4O8P"	"O[C@@H]1[C@@H](COP(O)(O)=O)O[C@H]([C@@H]1O)n1cnc2c1nc[nH]c2=O"	"InChI=1S/C10H13N4O8P/c15-6-4(1-21-23(18,19)20)22-10(7(6)16)14-3-13-5-8(14)11-2-12-9(5)17/h2-4,6-7,10,15-16H,1H2,(H,11,12,17)(H2,18,19,20)/t4-,6-,7-,10-/m1/s1"	"IMP"	"349.05354"	""	"[M+H]+"	"positive"	"13.2"	"NCBITAXON:http://purl.bioontology.org/ontology/NCBITAXON/9606"	"Homo sapiens"	""	""	"5:very good reliability"	""	""	""	""	""	""	"31602.57667"	"0"	"39281.84133"	"0"	"71867.76318"	"56953.30217"	"56948.21814"	"30474.28874"	"40751.01872"	"42540.99798"	"20219.40987"	"55961.06508"	"47026.29783"	"42139.59601"	"24044.20755"	"63321.32987"	"96343.92708"	"33647.24839"	"53869.4141"	"27040.52305"	"137286.1236"	"65496.33799"	"70457.1589"	"67024.26652"	"4051.790552"	"40444.5123"	"127489.4007"	"62523.12868"	"18993.86386"	"17654.23982"
"CHEBI:17659"	"C9H14N2O12P2"	"O[C@@H]1[C@@H](COP(O)(=O)OP(O)(O)=O)O[C@H]([C@@H]1O)n1ccc(=O)[nH]c1=O"	"InChI=1S/C9H14N2O12P2/c12-5-1-2-11(9(15)10-5)8-7(14)6(13)4(22-8)3-21-25(19,20)23-24(16,17)18/h1-2,4,6-8,13-14H,3H2,(H,19,20)(H,10,12,15)(H2,16,17,18)/t4-,6-,7-,8-/m1/s1"	"UDP"	"405.00844"	""	"[M+H]+"	"positive"	"13.9"	"NCBITAXON:http://purl.bioontology.org/ontology/NCBITAXON/9606"	"Homo sapiens"	""	""	"5:very good reliability"	""	""	""	""	""	""	"61350.89319"	"18123.35519"	"105433.5951"	"22965.76696"	"67917.5003"	"74564.74853"	"38635.70342"	"22323.37103"	"44659.28972"	"69746.4325"	"56703.71542"	"106256.0585"	"57360.79814"	"36103.49173"	"68671.48607"	"63446.57279"	"172184.6523"	"74695.55289"	"120742.3366"	"63972.02992"	"111911.424"	"134088.8745"	"99637.52557"	"64957.15518"	"0"	"56224.39638"	"121168.4545"	"63677.96965"	"34178.75912"	"16037.91244"
"CHEBI:16020"	"C11H15N5O4"	"Cn1cnc2n(cnc2c1=N)[C@@H]1O[C@H](CO)[C@@H](O)[C@H]1O"	"InChI=1S/C11H15N5O4/c1-15-3-14-10-6(9(15)12)13-4-16(10)11-8(19)7(18)5(2-17)20-11/h3-5,7-8,11-12,17-19H,2H2,1H3/t5-,7-,8-,11-/m1/s1"	"1-Methyl-adenosine"	"282.11789"	""	"[M+H]+"	"positive"	"11.3"	"NCBITAXON:http://purl.bioontology.org/ontology/NCBITAXON/9606"	"Homo sapiens"	""	""	"5:very good reliability"	""	""	""	""	""	""	"7800078.974"	"6611958.968"	"6964584.005"	"10100000"	"12100000"	"14000000"	"13800000"	"5769389.408"	"2935015.836"	"3631068.978"	"8820266.906"	"7994049.364"	"6062203.298"	"8894110.942"	"11300000"	"7802029.607"	"7568380.207"	"6224198.14"	"11600000"	"4031184.218"	"6617766.605"	"8154071.21"	"9926402.82"	"12000000"	"8667399.394"	"11100000"	"12400000"	"13400000"	"8861653.979"	"7780233.564"
"CHEBI:19062"	"C11H15N5O5"	"Cn1c(N)nc2n(cnc2c1=O)[C@@H]1O[C@H](CO)[C@@H](O)[C@H]1O"	"InChI=1S/C11H15N5O5/c1-15-9(20)5-8(14-11(15)12)16(3-13-5)10-7(19)6(18)4(2-17)21-10/h3-4,6-7,10,17-19H,2H2,1H3,(H2,12,14)/t4-,6-,7-,10-/m1/s1"	"1-Methyl-guanosine"	"298.11399"	""	"[M+H]+"	"positive"	"7.2"	"NCBITAXON:http://purl.bioontology.org/ontology/NCBITAXON/9606"	"Homo sapiens"	""	""	"5:very good reliability"	""	""	""	""	""	""	"950336.2023"	"1014930.798"	"1291423.995"	"723576.7888"	"909524.7553"	"1371020.517"	"738472.1898"	"842292.0919"	"1232660.22"	"887486.725"	"909898.604"	"1195510.011"	"747909.9105"	"1342365.191"	"1010800.775"	"758047.843"	"625604.988"	"708869.2101"	"1013901.532"	"947407.7695"	"916763.7283"	"1064810.783"	"1196411.154"	"836509.3598"	"1175878.691"	"752713.0038"	"877718.4278"	"1031745.423"	"907483.767"	"1576692.444"
"CHEBI:16708"	"C5H5N5"	"Nc1ncnc2[nH]cnc12"	"InChI=1S/C5H5N5/c6-4-3-5(9-1-7-3)10-2-8-4/h1-2H,(H3,6,7,8,9,10)"	"Adenine"	"136.06126"	""	"[M+H]+"	"positive"	"6.7"	"NCBITAXON:http://purl.bioontology.org/ontology/NCBITAXON/9606"	"Homo sapiens"	""	""	"5:very good reliability"	""	""	""	""	""	""	"1058039.135"	"3623842.079"	"3496975.64"	"2087815.87"	"1912531.633"	"4287556.425"	"2939760.782"	"4076490.403"	"1665764.268"	"1943625.851"	"3008691.377"	"3543923.118"	"1824749.091"	"5171069.009"	"3467386.713"	"2797823.564"	"2247878.61"	"4024232.569"	"2559547.242"	"3814916.933"	"1337232.765"	"987555.6988"	"2521322.696"	"2747954.734"	"2729818.482"	"3086539.089"	"2551544.841"	"2696958.757"	"1571396.57"	"1832859.738"
"CHEBI:16335"	"C10H13N5O4"	"Nc1ncnc2n(cnc12)[C@@H]1O[C@H](CO)[C@@H](O)[C@H]1O"	"InChI=1S/C10H13N5O4/c11-8-5-9(13-2-12-8)15(3-14-5)10-7(18)6(17)4(1-16)19-10/h2-4,6-7,10,16-18H,1H2,(H2,11,12,13)/t4-,6-,7-,10-/m1/s1"	"Adenosine"	"268.10341"	""	"[M+H]+"	"positive"	"6.3"	"NCBITAXON:http://purl.bioontology.org/ontology/NCBITAXON/9606"	"Homo sapiens"	""	""	"5:very good reliability"	""	""	""	""	""	""	"17200000"	"21100000"	"14400000"	"10200000"	"29000000"	"32200000"	"43500000"	"16500000"	"6652413.901"	"10600000"	"24900000"	"34700000"	"23300000"	"21000000"	"25000000"	"22200000"	"22200000"	"27700000"	"26900000"	"12700000"	"13200000"	"12700000"	"28900000"	"36200000"	"58700000"	"12500000"	"22300000"	"12800000"	"10800000"	"7747292.03"
"CHEBI:27732"	"C8H10N4O2"	"Cn1cnc2n(C)c(=O)n(C)c(=O)c12"	"InChI=1S/C8H10N4O2/c1-10-4-9-6-5(10)7(13)12(3)8(14)11(6)2/h4H,1-3H3"	"Caffeine"	"195.08721"	""	"[M+H]+"	"positive"	"3.8"	"NCBITAXON:http://purl.bioontology.org/ontology/NCBITAXON/9606"	"Homo sapiens"	""	""	"5:very good reliability"	""	""	""	""	""	""	"30800000"	"121000000"	"184000000"	"104000000"	"227000000"	"419000000"	"44000000"	"24100000"	"70300000"	"294000000"	"440000000"	"111000000"	"201000000"	"173000000"	"93400000"	"75600000"	"22200000"	"18700000"	"46000000"	"96200000"	"679413.477"	"461000000"	"145000000"	"125000000"	"20100000"	"325000000"	"181000000"	"45000000"	"30400000"	"218000000"
"CHEBI:17562"	"C9H13N3O5"	"Nc1ccn([C@@H]2O[C@H](CO)[C@@H](O)[C@H]2O)c(=O)n1"	"InChI=1S/C9H13N3O5/c10-5-1-2-12(9(16)11-5)8-7(15)6(14)4(3-13)17-8/h1-2,4,6-8,13-15H,3H2,(H2,10,11,16)/t4-,6-,7-,8-/m1/s1"	"Cytidine"	"244.0921"	""	"[M+H]+"	"positive"	"9.1"	"NCBITAXON:http://purl.bioontology.org/ontology/NCBITAXON/9606"	"Homo sapiens"	""	""	"5:very good reliability"	""	""	""	""	""	""	"2717951.92"	"2069575.169"	"1832312.299"	"1660233.47"	"2739876.688"	"3666364.919"	"5697568.22"	"2982752.85"	"2634905.456"	"1424794.002"	"2799477.246"	"1841744.003"	"2645960.588"	"3216610.018"	"3215883.452"	"4067286.286"	"2173135.352"	"1561155.852"	"4101789.605"	"2641678.602"	"3000654.68"	"4700064.369"	"2242293.155"	"3015372.776"	"3278736.1"	"2041119.057"	"3090792.319"	"1567974.096"	"2412510.427"	"3818137.445"
"CHEBI:19289"	"C12H17N5O5"	"CN(C)c1nc2n(cnc2c(=O)[nH]1)[C@@H]1O[C@H](CO)[C@@H](O)[C@H]1O"	"InChI=1S/C12H17N5O5/c1-16(2)12-14-9-6(10(21)15-12)13-4-17(9)11-8(20)7(19)5(3-18)22-11/h4-5,7-8,11,18-20H,3H2,1-2H3,(H,14,15,21)/t5-,7-,8-,11-/m1/s1"	"Dimethyl-guanosine"	"312.12969"	""	"[M+H]+"	"positive"	"6"	"NCBITAXON:http://purl.bioontology.org/ontology/NCBITAXON/9606"	"Homo sapiens"	""	""	"5:very good reliability"	""	""	""	""	""	""	"1822642.85"	"1410626.723"	"2817231.326"	"1388129.488"	"2221742.595"	"4494886.349"	"1711744.385"	"3235736.046"	"3683286.782"	"3293778.04"	"2613631.485"	"2843198.803"	"1963484.721"	"2310566.49"	"2679905.727"	"2221204.066"	"1818228.76"	"1667812.149"	"2253259.931"	"1511984.208"	"2051070.563"	"3651993.463"	"3252760.717"	"3293291.74"	"2714202.537"	"1626679.123"	"1636702.11"	"1843479.398"	"2099578.709"	"5223920.273"
"CHEBI:23818"	"C7H8N4O2"	""	""	"Dimethyl-xanthine"	"181.07149"	""	"[M+H]+"	"positive"	"4.5"	"NCBITAXON:http://purl.bioontology.org/ontology/NCBITAXON/9606"	"Homo sapiens"	""	""	"5:very good reliability"	""	""	""	""	""	""	"69300000"	"127000000"	"117000000"	"86500000"	"115000000"	"163000000"	"41500000"	"8854516.314"	"41500000"	"56100000"	"220000000"	"81600000"	"276000000"	"144000000"	"134000000"	"52800000"	"61900000"	"28200000"	"60000000"	"85500000"	"3621568.946"	"103000000"	"64800000"	"103000000"	"5174452.461"	"119000000"	"150000000"	"91400000"	"29300000"	"155000000"
"CHEBI:30753"	"C7H7NO2"	"Nc1ccc(cc1)C(O)=O"	"InChI=1S/C7H7NO2/c8-6-3-1-5(2-4-6)7(9)10/h1-4H,8H2,(H,9,10)"	"4-Aminobenzoate"	"138.05444"	""	"[M+H]+"	"positive"	"7.3"	"NCBITAXON:http://purl.bioontology.org/ontology/NCBITAXON/9606"	"Homo sapiens"	""	""	"5:very good reliability"	""	""	""	""	""	""	"50876.76346"	"501982.2092"	"416307.6912"	"16400000"	"747222.4531"	"35600000"	"960489.6645"	"16622.61103"	"1665478.367"	"1416151.12"	"67300000"	"1870048.415"	"0"	"266183.9058"	"188548.3871"	"20680.89542"	"127169.5442"	"535161.5845"	"299558.9324"	"0"	"4458.183217"	"4372353.539"	"1293478.077"	"339124.1301"	"386277.5862"	"21500000"	"117495.3074"	"229039.4428"	"52400000"	"8920062.131"
"CHEBI:15846"	"C21H28N7O14P2+"	"NC(=O)c1ccc[n+](c1)[C@@H]1O[C@H](COP(O)(=O)OP(O)(=O)OC[C@H]2O[C@H]([C@H](O)[C@@H]2O)n2cnc3c(N)ncnc23)[C@@H](O)[C@H]1O"	"InChI=1S/C21H27N7O14P2/c22-17-12-19(25-7-24-17)28(8-26-12)21-16(32)14(30)11(41-21)6-39-44(36,37)42-43(34,35)38-5-10-13(29)15(31)20(40-10)27-3-1-2-9(4-27)18(23)33/h1-4,7-8,10-11,13-16,20-21,29-32H,5-6H2,(H5-,22,23,24,25,33,34,35,36,37)/p+1/t10-,11-,13-,14-,15-,16-,20-,21-/m1/s1"	"NAD+"	"664.11439"	""	"[M+H]+"	"positive"	"12"	"NCBITAXON:http://purl.bioontology.org/ontology/NCBITAXON/9606"	"Homo sapiens"	""	""	"5:very good reliability"	""	""	""	""	""	""	"2119015.581"	"1330159.123"	"1632569.645"	"1511970.276"	"1202872.469"	"1600025.551"	"912295.3477"	"593662.3889"	"977802.9068"	"1986246.701"	"1826021.847"	"3241223.084"	"1687450.833"	"734269.6496"	"1427109.491"	"1669323.837"	"2418475.88"	"1067324.109"	"2003182.97"	"1726113.435"	"1624556.454"	"2251077.742"	"1881042.736"	"1169258.415"	"179007.4955"	"1574714.896"	"3133228.344"	"1966584.374"	"901897.5206"	"518290.146"
"CHEBI:18009"	"C21H29N7O17P3+"	"NC(=O)c1ccc[n+](c1)[C@@H]1O[C@H](COP(O)(=O)OP(O)(=O)OC[C@H]2O[C@H]([C@H](OP(O)(O)=O)[C@@H]2O)n2cnc3c(N)ncnc23)[C@@H](O)[C@H]1O"	"InChI=1S/C21H28N7O17P3/c22-17-12-19(25-7-24-17)28(8-26-12)21-16(44-46(33,34)35)14(30)11(43-21)6-41-48(38,39)45-47(36,37)40-5-10-13(29)15(31)20(42-10)27-3-1-2-9(4-27)18(23)32/h1-4,7-8,10-11,13-16,20-21,29-31H,5-6H2,(H7-,22,23,24,25,32,33,34,35,36,37,38,39)/p+1/t10-,11-,13-,14-,15-,16-,20-,21-/m1/s1"	"NADP+"	"744.08094"	""	"[M+H]+"	"positive"	"14.5"	"NCBITAXON:http://purl.bioontology.org/ontology/NCBITAXON/9606"	"Homo sapiens"	""	""	"5:very good reliability"	""	""	""	""	""	""	"NA"	"NA"	"NA"	"NA"	"NA"	"NA"	"NA"	"NA"	"NA"	"NA"	"NA"	"NA"	"NA"	"NA"	"NA"	"NA"	"NA"	"NA"	"NA"	"NA"	"NA"	"NA"	"NA"	"NA"	"NA"	"NA"	"NA"	"NA"	"NA"	"NA"
"CHEBI:17154"	"C6H6N2O"	"NC(=O)c1cccnc1"	"InChI=1S/C6H6N2O/c7-6(9)5-2-1-3-8-4-5/h1-4H,(H2,7,9)"	"Nicotinamide"	"123.05481"	""	"[M+H]+"	"positive"	"4.8"	"NCBITAXON:http://purl.bioontology.org/ontology/NCBITAXON/9606"	"Homo sapiens"	""	""	"5:very good reliability"	""	""	""	""	""	""	"46908.32779"	"397915.1526"	"985994.4429"	"169579.8032"	"1526550.712"	"1354168.406"	"2070362.16"	"935758.2253"	"190077.2643"	"237178.269"	"1059149.182"	"2301307.443"	"1441525.468"	"2022901.837"	"1133541.141"	"22825.56548"	"466714.8819"	"335969.5275"	"1030391.813"	"898623.3352"	"1550623.76"	"748528.9748"	"684019.0802"	"548800.6793"	"175695.8704"	"1075150.732"	"1682020.607"	"1232982.401"	"233064.4685"	"355804.746"
"CHEBI:7916"	"C9H17NO5"	"CC(C)(CO)C(O)C(=O)NCCC(O)=O"	"InChI=1S/C9H17NO5/c1-9(2,5-11)7(14)8(15)10-4-3-6(12)13/h7,11,14H,3-5H2,1-2H3,(H,10,15)(H,12,13)"	"Pantothenate"	"220.11749"	""	"[M+H]+"	"positive"	"5.9"	"NCBITAXON:http://purl.bioontology.org/ontology/NCBITAXON/9606"	"Homo sapiens"	""	""	"5:very good reliability"	""	""	""	""	""	""	"6189376.564"	"4686404.216"	"12100000"	"7545339.317"	"7540739.944"	"14200000"	"10200000"	"5062137.236"	"3821912.739"	"38500000"	"9825102.666"	"6729897.925"	"6551278.403"	"7537485.945"	"9236555.921"	"13100000"	"8966947.89"	"22700000"	"10100000"	"9359464.283"	"14800000"	"21700000"	"14200000"	"18900000"	"17300000"	"7997557.716"	"8521521.885"	"8156209.843"	"62400000"	"7798477.25"
"CHEBI:29062"	"C16H25N5O16P2"	""	""	"GDP-glucose"	"606.08289"	""	"[M+H]+"	"positive"	"15.5"	"NCBITAXON:http://purl.bioontology.org/ontology/NCBITAXON/9606"	"Homo sapiens"	""	""	"5:very good reliability"	""	""	""	""	""	""	"333912.4908"	"170735.5465"	"624722.9049"	"192520.097"	"565691.4229"	"651661.8194"	"217246.3338"	"201396.6875"	"264782.7026"	"353791.1454"	"357625.9929"	"679745.757"	"804384.9853"	"574621.8371"	"945612.4476"	"748802.3013"	"658167.0363"	"212920.2225"	"411462.0486"	"391587.6239"	"546603.0951"	"761204.9555"	"1173143.866"	"327545.6286"	"59097.75104"	"609463.7318"	"1168559.706"	"813733.6179"	"330770.2822"	"258254.5233"
"CHEBI:5417"	"C6H13NO5"	""	""	"Glucosamine"	"180.08617"	""	"[M+H]+"	"positive"	"11.6"	"NCBITAXON:http://purl.bioontology.org/ontology/NCBITAXON/9606"	"Homo sapiens"	""	""	"5:very good reliability"	""	""	""	""	""	""	"17800000"	"14200000"	"45200000"	"14900000"	"55500000"	"50400000"	"34000000"	"61000000"	"14800000"	"18100000"	"19400000"	"28800000"	"57800000"	"36900000"	"24500000"	"32300000"	"46200000"	"38500000"	"24500000"	"16900000"	"20800000"	"51600000"	"58100000"	"40600000"	"38200000"	"49600000"	"46000000"	"65400000"	"18200000"	"24700000"
"CHEBI:506227"	"C8H15NO6"	"CC(=O)N[C@H]1C(O)O[C@H](CO)[C@@H](O)[C@@H]1O"	"InChI=1S/C8H15NO6/c1-3(11)9-5-7(13)6(12)4(2-10)15-8(5)14/h4-8,10,12-14H,2H2,1H3,(H,9,11)/t4-,5-,6-,7-,8?/m1/s1"	"N-Acetyl-D-glucosamine"	"222.09668"	""	"[M+H]+"	"positive"	"9.6"	"NCBITAXON:http://purl.bioontology.org/ontology/NCBITAXON/9606"	"Homo sapiens"	""	""	"5:very good reliability"	""	""	""	""	""	""	"5465679.444"	"6500929.277"	"9657838.515"	"4614551.771"	"3234769.057"	"4087305.663"	"2846149.96"	"2869590.039"	"8175063.699"	"7603694.542"	"8938153.815"	"9070763.351"	"2304381.351"	"1590105.245"	"3272063.646"	"1479941.906"	"7835930.566"	"9998598.156"	"7221269.981"	"5844241.911"	"6767737.437"	"13000000"	"10100000"	"13100000"	"3073178.411"	"2319525.391"	"1766396.632"	"2951123.89"	"2384626.688"	"6078904.48"
"CHEBI:29016"	"C6H14N4O2"	"NC(CCCNC(N)=N)C(O)=O"	"InChI=1S/C6H14N4O2/c7-4(5(11)12)2-1-3-10-6(8)9/h4H,1-3,7H2,(H,11,12)(H4,8,9,10)"	"Arginine"	"175.11844"	""	"[M+H]+"	"positive"	"22.4"	"NCBITAXON:http://purl.bioontology.org/ontology/NCBITAXON/9606"	"Homo sapiens"	""	""	"5:very good reliability"	""	""	""	""	""	""	"234000000"	"177000000"	"225000000"	"210000000"	"250000000"	"425000000"	"310000000"	"265000000"	"189000000"	"234000000"	"340000000"	"274000000"	"291000000"	"311000000"	"341000000"	"277000000"	"180000000"	"167000000"	"156000000"	"98100000"	"153000000"	"251000000"	"285000000"	"209000000"	"212000000"	"294000000"	"220000000"	"255000000"	"247000000"	"295000000"
"CHEBI:27570"	"C6H9N3O2"	"NC(Cc1c[nH]cn1)C(O)=O"	"InChI=1S/C6H9N3O2/c7-5(6(10)11)1-4-2-8-3-9-4/h2-3,5H,1,7H2,(H,8,9)(H,10,11)"	"Histidine"	"156.07623"	""	"[M+H]+"	"positive"	"11.8"	"NCBITAXON:http://purl.bioontology.org/ontology/NCBITAXON/9606"	"Homo sapiens"	""	""	"5:very good reliability"	""	""	""	""	""	""	"76000000"	"79400000"	"98500000"	"63300000"	"57000000"	"49200000"	"76400000"	"47100000"	"40100000"	"51900000"	"71000000"	"62200000"	"51200000"	"63200000"	"69700000"	"59000000"	"49100000"	"56500000"	"46800000"	"69100000"	"54400000"	"50400000"	"53600000"	"60400000"	"49100000"	"43600000"	"54700000"	"75600000"	"59100000"	"74200000"
"CHEBI:28044"	"C9H11NO2"	"NC(Cc1ccccc1)C(O)=O"	"InChI=1S/C9H11NO2/c10-8(9(11)12)6-7-4-2-1-3-5-7/h1-5,8H,6,10H2,(H,11,12)"	"Phenylalanine"	"166.08569"	""	"[M+H]+"	"positive"	"7.2"	"NCBITAXON:http://purl.bioontology.org/ontology/NCBITAXON/9606"	"Homo sapiens"	""	""	"5:very good reliability"	""	""	""	""	""	""	"284000000"	"223000000"	"475000000"	"275000000"	"404000000"	"356000000"	"387000000"	"398000000"	"273000000"	"387000000"	"381000000"	"353000000"	"305000000"	"319000000"	"322000000"	"327000000"	"248000000"	"334000000"	"272000000"	"300000000"	"282000000"	"308000000"	"419000000"	"314000000"	"275000000"	"374000000"	"345000000"	"311000000"	"373000000"	"313000000"
"CHEBI:27897"	"C11H12N2O2"	"NC(Cc1c[nH]c2ccccc12)C(O)=O"	"InChI=1S/C11H12N2O2/c12-9(11(14)15)5-7-6-13-10-4-2-1-3-8(7)10/h1-4,6,9,13H,5,12H2,(H,14,15)"	"Tryptophan"	"205.09657"	""	"[M+H]+"	"positive"	"8.7"	"NCBITAXON:http://purl.bioontology.org/ontology/NCBITAXON/9606"	"Homo sapiens"	""	""	"5:very good reliability"	""	""	""	""	""	""	"182000000"	"181000000"	"139000000"	"186000000"	"166000000"	"148000000"	"240000000"	"132000000"	"67400000"	"148000000"	"243000000"	"186000000"	"190000000"	"230000000"	"214000000"	"168000000"	"145000000"	"126000000"	"108000000"	"129000000"	"126000000"	"139000000"	"208000000"	"104000000"	"109000000"	"178000000"	"204000000"	"186000000"	"179000000"	"127000000"
"CHEBI:18186"	"C9H11NO3"	"NC(Cc1ccc(O)cc1)C(O)=O"	"InChI=1S/C9H11NO3/c10-8(9(12)13)5-6-1-3-7(11)4-2-6/h1-4,8,11H,5,10H2,(H,12,13)"	"Tyrosine"	"182.08061"	""	"[M+H]+"	"positive"	"10.3"	"NCBITAXON:http://purl.bioontology.org/ontology/NCBITAXON/9606"	"Homo sapiens"	""	""	"5:very good reliability"	""	""	""	""	""	""	"63000000"	"37000000"	"80200000"	"46900000"	"102000000"	"112000000"	"102000000"	"105000000"	"72700000"	"81600000"	"85500000"	"79000000"	"78100000"	"85400000"	"84000000"	"83100000"	"62700000"	"90600000"	"49500000"	"54900000"	"60200000"	"94100000"	"107000000"	"62700000"	"65300000"	"85100000"	"93600000"	"88700000"	"103000000"	"79600000"
"CHEBI:17750"	"C5H11NO2"	"C[N+](C)(C)CC([O-])=O"	"InChI=1S/C5H11NO2/c1-6(2,3)4-5(7)8/h4H2,1-3H3"	"Betaine"	"118.08574"	""	"[M+H]+"	"positive"	"8.6"	"NCBITAXON:http://purl.bioontology.org/ontology/NCBITAXON/9606"	"Homo sapiens"	""	""	"5:very good reliability"	""	""	""	""	""	""	"7044375.714"	"9969847.075"	"20100000"	"24800000"	"23800000"	"29600000"	"28400000"	"21000000"	"24100000"	"27000000"	"18600000"	"17400000"	"19500000"	"11900000"	"25600000"	"10148.51721"	"20400000"	"14000000"	"26700000"	"6278463.913"	"5567469.641"	"8655001.243"	"15900000"	"10200000"	"5015178.272"	"18500000"	"15700000"	"12500000"	"16600000"	"14400000"
"CHEBI:1941"	"C7H16NO2+"	"C[N+](C)(C)CCCC(O)=O"	"InChI=1S/C7H15NO2/c1-8(2,3)6-4-5-7(9)10/h4-6H2,1-3H3/p+1"	"Butyro-betaine"	"146.11711"	""	"[M+H]+"	"positive"	"11"	"NCBITAXON:http://purl.bioontology.org/ontology/NCBITAXON/9606"	"Homo sapiens"	""	""	"5:very good reliability"	""	""	""	""	""	""	"3208173.054"	"4174088.793"	"6507978.351"	"2796221.522"	"2365680.14"	"3464374.192"	"3051781.495"	"3930710.847"	"4238546.008"	"3750682.628"	"3292362.444"	"2562964.7"	"4852945.234"	"3165377.169"	"2430303.778"	"2035668.126"	"2024260.944"	"2051483.519"	"6709513.447"	"2560522.049"	"3335347.301"	"1263769.759"	"1881025.904"	"2340680.389"	"2036985.966"	"1611429.524"	"2794246.815"	"2481176.754"	"2427904.632"	"4587981.57"
"CHEBI:17929"	"C8H18N4O2"	"CN(C)C(=N)NCCC[C@H](N)C(O)=O"	"InChI=1S/C8H18N4O2/c1-12(2)8(10)11-5-3-4-6(9)7(13)14/h6H,3-5,9H2,1-2H3,(H2,10,11)(H,13,14)/t6-/m0/s1"	"Dimethyl-arginine"	"203.1497"	""	"[M+H]+"	"positive"	"18.4"	"NCBITAXON:http://purl.bioontology.org/ontology/NCBITAXON/9606"	"Homo sapiens"	""	""	"5:very good reliability"	""	""	""	""	""	""	"42100000"	"23900000"	"67500000"	"26800000"	"41100000"	"84400000"	"39300000"	"67200000"	"76500000"	"52200000"	"55300000"	"47200000"	"45800000"	"46700000"	"55100000"	"43200000"	"39700000"	"33800000"	"32300000"	"28000000"	"46800000"	"47500000"	"43100000"	"33100000"	"48900000"	"39700000"	"38900000"	"44000000"	"53100000"	"86600000"
"CHEBI:43997"	"C8H18N2O2"	"CN(C)CCCC[C@H](N)C(O)=O"	"InChI=1S/C8H18N2O2/c1-10(2)6-4-3-5-7(9)8(11)12/h7H,3-6,9H2,1-2H3,(H,11,12)/t7-/m0/s1"	"Dimethyl-lysine"	"175.1436"	""	"[M+H]+"	"positive"	"17.6"	"NCBITAXON:http://purl.bioontology.org/ontology/NCBITAXON/9606"	"Homo sapiens"	""	""	"5:very good reliability"	""	""	""	""	""	""	"9484636.475"	"3691580.058"	"22300000"	"6349386.883"	"6049433.84"	"18100000"	"6191775.015"	"23200000"	"14100000"	"20800000"	"15600000"	"9611251.074"	"10800000"	"7801357.288"	"22800000"	"7775574.248"	"5765929.738"	"9796999.771"	"10200000"	"3888865.984"	"6795036.692"	"7810299.987"	"7412671.71"	"15300000"	"14900000"	"6425784.022"	"6662263.086"	"7356822.063"	"8582516.869"	"13400000"
"CHEBI:35280"	"C7H13NO2"	"C[N+]1(C)CCC[C@H]1C([O-])=O"	"InChI=1S/C7H13NO2/c1-8(2)5-3-4-6(8)7(9)10/h6H,3-5H2,1-2H3/t6-/m0/s1"	"Dimethyl-proline (stachydrine)"	"144.10132"	""	"[M+H]+"	"positive"	"8"	"NCBITAXON:http://purl.bioontology.org/ontology/NCBITAXON/9606"	"Homo sapiens"	""	""	"5:very good reliability"	""	""	""	""	""	""	"14600000"	"46800000"	"262000000"	"122000000"	"23200000"	"52800000"	"19000000"	"197000000"	"207000000"	"170000000"	"58300000"	"48600000"	"555000000"	"46000000"	"25600000"	"60000000"	"350000000"	"15800000"	"17300000"	"21700000"	"101000000"	"94300000"	"334000000"	"215000000"	"12000000"	"122000000"	"360000000"	"110000000"	"57800000"	"66900000"
"CHEBI:70960"	"C7H11N3O2"	"CC(N)(Cc1cnc[nH]1)C(O)=O"	"InChI=1S/C7H11N3O2/c1-7(8,6(11)12)2-5-3-9-4-10-5/h3-4H,2,8H2,1H3,(H,9,10)(H,11,12)"	"alpha-methylhistidine"	"170.09182"	""	"[M+H]+"	"positive"	"9.8"	"NCBITAXON:http://purl.bioontology.org/ontology/NCBITAXON/9606"	"Homo sapiens"	""	""	"5:very good reliability"	""	""	""	""	""	""	"39400000"	"40800000"	"59600000"	"37300000"	"33100000"	"64900000"	"28600000"	"41500000"	"55300000"	"52300000"	"49700000"	"45100000"	"33500000"	"36900000"	"39600000"	"36200000"	"28000000"	"35300000"	"28500000"	"29600000"	"32200000"	"41000000"	"34400000"	"32000000"	"38600000"	"22900000"	"27200000"	"37000000"	"46100000"	"71700000"
"CHEBI:70958"	"C7H11N3O2"	"Cn1cnc(CC(N)C(O)=O)c1"	"InChI=1S/C7H11N3O2/c1-10-3-5(9-4-10)2-6(8)7(11)12/h3-4,6H,2,8H2,1H3,(H,11,12)"	"1-methylhistidine"	"170.09182"	""	"[M+H]+"	"positive"	"9.8"	"NCBITAXON:http://purl.bioontology.org/ontology/NCBITAXON/9606"	"Homo sapiens"	""	""	"5:very good reliability"	""	""	""	""	""	""	"39400000"	"40800000"	"59600000"	"37300000"	"33100000"	"64900000"	"28600000"	"41500000"	"55300000"	"52300000"	"49700000"	"45100000"	"33500000"	"36900000"	"39600000"	"36200000"	"28000000"	"35300000"	"28500000"	"29600000"	"32200000"	"41000000"	"34400000"	"32000000"	"38600000"	"22900000"	"27200000"	"37000000"	"46100000"	"71700000"
"CHEBI:70959"	"C7H11N3O2"	"Cn1cncc1CC(N)C(O)=O"	"InChI=1S/C7H11N3O2/c1-10-4-9-3-5(10)2-6(8)7(11)12/h3-4,6H,2,8H2,1H3,(H,11,12)"	"3-methylhistidine"	"170.09182"	""	"[M+H]+"	"positive"	"9.8"	"NCBITAXON:http://purl.bioontology.org/ontology/NCBITAXON/9606"	"Homo sapiens"	""	""	"5:very good reliability"	""	""	""	""	""	""	"39400000"	"40800000"	"59600000"	"37300000"	"33100000"	"64900000"	"28600000"	"41500000"	"55300000"	"52300000"	"49700000"	"45100000"	"33500000"	"36900000"	"39600000"	"36200000"	"28000000"	"35300000"	"28500000"	"29600000"	"32200000"	"41000000"	"34400000"	"32000000"	"38600000"	"22900000"	"27200000"	"37000000"	"46100000"	"71700000"
"CHEBI:50601"	"C7H11N3O2"	"CN[C@@H](Cc1c[nH]cn1)C(O)=O"	"InChI=1S/C7H11N3O2/c1-8-6(7(11)12)2-5-3-9-4-10-5/h3-4,6,8H,2H2,1H3,(H,9,10)(H,11,12)/t6-/m0/s1"	"N(alpha)-methyl-L-histidine"	"170.09182"	""	"[M+H]+"	"positive"	"9.8"	"NCBITAXON:http://purl.bioontology.org/ontology/NCBITAXON/9606"	"Homo sapiens"	""	""	"5:very good reliability"	""	""	""	""	""	""	"39400000"	"40800000"	"59600000"	"37300000"	"33100000"	"64900000"	"28600000"	"41500000"	"55300000"	"52300000"	"49700000"	"45100000"	"33500000"	"36900000"	"39600000"	"36200000"	"28000000"	"35300000"	"28500000"	"29600000"	"32200000"	"41000000"	"34400000"	"32000000"	"38600000"	"22900000"	"27200000"	"37000000"	"46100000"	"71700000"
"CHEBI:70961"	"C7H11N3O2"	"COC(=O)C(N)Cc1cnc[nH]1"	"InChI=1S/C7H11N3O2/c1-12-7(11)6(8)2-5-3-9-4-10-5/h3-4,6H,2,8H2,1H3,(H,9,10)"	"histidine methyl ester"	"170.09182"	""	"[M+H]+"	"positive"	"9.8"	"NCBITAXON:http://purl.bioontology.org/ontology/NCBITAXON/9606"	"Homo sapiens"	""	""	"5:very good reliability"	""	""	""	""	""	""	"39400000"	"40800000"	"59600000"	"37300000"	"33100000"	"64900000"	"28600000"	"41500000"	"55300000"	"52300000"	"49700000"	"45100000"	"33500000"	"36900000"	"39600000"	"36200000"	"28000000"	"35300000"	"28500000"	"29600000"	"32200000"	"41000000"	"34400000"	"32000000"	"38600000"	"22900000"	"27200000"	"37000000"	"46100000"	"71700000"
"CHEBI:64349"	"C7H16N2O2"	"CNCCCCC(N)C(O)=O"	"InChI=1S/C7H16N2O2/c1-9-5-3-2-4-6(8)7(10)11/h6,9H,2-5,8H2,1H3,(H,10,11)"	"Methyl-lysine"	"161.12796"	""	"[M+H]+"	"positive"	"20.4"	"NCBITAXON:http://purl.bioontology.org/ontology/NCBITAXON/9606"	"Homo sapiens"	""	""	"5:very good reliability"	""	""	""	""	""	""	"22400000"	"8797703.81"	"94900000"	"9142476.767"	"6359991.697"	"10900000"	"9813993.594"	"45000000"	"12400000"	"24200000"	"26900000"	"20000000"	"18600000"	"14100000"	"63000000"	"12300000"	"7399945.07"	"23700000"	"21600000"	"7651115.782"	"11100000"	"7433264.591"	"11200000"	"16900000"	"29800000"	"9102314.111"	"12500000"	"12300000"	"10700000"	"16500000"
"CHEBI:76620"	"C10H17N3O2S"	"[N+](C)([C@H](C(=O)[O-])CC=1NC(SC)=NC1)(C)C"	"InChI=1S/C10H17N3O2S/c1-13(2,3)8(9(14)15)5-7-6-11-10(12-7)16-4/h6,8H,5H2,1-4H3,(H-,11,12,14,15)/t8-/m0/s1"	"S-Methyl-ergothioneine"	"244.11053"	""	"[M+H]+"	"positive"	"7.9"	"NCBITAXON:http://purl.bioontology.org/ontology/NCBITAXON/9606"	"Homo sapiens"	""	""	"5:very good reliability"	""	""	""	""	""	""	"298566.6078"	"434916.5483"	"535834.929"	"1499804.595"	"577556.2684"	"472193.6033"	"674184.5495"	"613428.2781"	"336049.7046"	"443499.5486"	"437437.1357"	"103393.2474"	"135776.5162"	"616882.3741"	"430294.5502"	"521698.8369"	"705028.2551"	"287981.0691"	"1396738.982"	"502973.4885"	"346265.7611"	"741135.5706"	"1096369.861"	"705576.1755"	"1574345.654"	"140319.2052"	"213892.9026"	"280616.6252"	"381974.7639"	"483494.7678"
"CHEBI:15781"	"C9H15N3O2"	"C[N+](C)(C)[C@@H](Cc1c[nH]cn1)C([O-])=O"	"InChI=1S/C9H15N3O2/c1-12(2,3)8(9(13)14)4-7-5-10-6-11-7/h5-6,8H,4H2,1-3H3,(H-,10,11,13,14)/t8-/m0/s1"	"Trimethyl-histidine (hercynine)"	"198.12309"	""	"[M+H]+"	"positive"	"9.8"	"NCBITAXON:http://purl.bioontology.org/ontology/NCBITAXON/9606"	"Homo sapiens"	""	""	"3:medium reliability"	""	""	""	""	""	""	"6077.01785"	"113004.1043"	"23561.92838"	"204298.9633"	"70317.29421"	"134967.6321"	"130010.452"	"42802.32168"	"16613.93749"	"104884.0517"	"31365.87599"	"46706.54354"	"523076.168"	"49048.34049"	"34249.13432"	"96245.84225"	"254362.4684"	"39864.21134"	"112296.0895"	"81560.58369"	"49698.73746"	"66729.21373"	"29597.68066"	"50728.63915"	"249425.6737"	"61672.65014"	"65593.53568"	"49533.0711"	"77494.24753"	"72657.0045"
"CHEBI:17311"	"C9H21N2O2+"	"C[N+](C)(C)CCCC[C@H](N)C(O)=O"	"InChI=1S/C9H20N2O2/c1-11(2,3)7-5-4-6-8(10)9(12)13/h8H,4-7,10H2,1-3H3/p+1/t8-/m0/s1"	"Trimethyl-lysine"	"189.15921"	""	"[M+H]+"	"positive"	"19.3"	"NCBITAXON:http://purl.bioontology.org/ontology/NCBITAXON/9606"	"Homo sapiens"	""	""	"5:very good reliability"	""	""	""	""	""	""	"17800000"	"11900000"	"19100000"	"25900000"	"12800000"	"40700000"	"11900000"	"20100000"	"25400000"	"22900000"	"38200000"	"20900000"	"26700000"	"20400000"	"24600000"	"14800000"	"17000000"	"10800000"	"11400000"	"9710527.884"	"15800000"	"26900000"	"15100000"	"15700000"	"10600000"	"12100000"	"10600000"	"17800000"	"27900000"	"32800000"
"CHEBI:90135"	"C12H17NO2"	"O=C(O)C(N)CC1=C(C=C(C=C1C)C)C"	"InChI=1S/C12H17NO2/c1-7-4-8(2)10(9(3)5-7)6-11(13)12(14)15/h4-5,11H,6,13H2,1-3H3,(H,14,15)"	"Trimethyl-phenylalanine"	"208.13272"	""	"[M+H]+"	"positive"	"5.5"	"NCBITAXON:http://purl.bioontology.org/ontology/NCBITAXON/9606"	"Homo sapiens"	""	""	"3:medium reliability"	""	""	""	""	""	""	"24243.08127"	"52542.62205"	"233330.638"	"224884.773"	"95542.60223"	"94571.53241"	"104989.2603"	"266293.5399"	"325511.0741"	"67744.70812"	"160075.4133"	"55595.04285"	"71328.0807"	"88486.34369"	"365774.1033"	"648001.9888"	"75161.32038"	"40879.79334"	"155415.0768"	"72235.76037"	"58942.5313"	"758578.9312"	"61617.70809"	"49604.38856"	"33887.09127"	"54261.00464"	"603678.9395"	"296106.0657"	"196815.3322"	"67923.57354"
"CHEBI:5832"	"C14H18N2O2"	"C1(=CNC2=C1C=CC=C2)C[C@@H](C(=O)[O-])[N+](C)(C)C"	"InChI=1S/C14H18N2O2/c1-16(2,3)13(14(17)18)8-10-9-15-12-7-5-4-6-11(10)12/h4-7,9,13,15H,8H2,1-3H3/t13-/m0/s1"	"Trimethyl-tryptophan (hypaphorine)"	"247.14347"	""	"[M+H]+"	"positive"	"6"	"NCBITAXON:http://purl.bioontology.org/ontology/NCBITAXON/9606"	"Homo sapiens"	""	""	"5:very good reliability"	""	""	""	""	""	""	"18800000"	"671547.0309"	"19200000"	"4052960.555"	"9112548.598"	"344963.8944"	"14900000"	"630842.5188"	"1328447.887"	"246833.3362"	"3427474.743"	"1703814.727"	"5573165.285"	"3940281.825"	"44400000"	"13000000"	"65000000"	"1182961.87"	"69400000"	"27600000"	"201000000"	"14500000"	"42500000"	"998386.6673"	"370103.0066"	"6704874.727"	"6202185.357"	"17400000"	"159000000"	"2467613.703"
"CHEBI:90142"	"C12H17NO3"	"O(C1=C(C(=C(CC(N)C(O)=O)C=C1)C)C)C"	"InChI=1S/C12H17NO3/c1-7-8(2)11(16-3)5-4-9(7)6-10(13)12(14)15/h4-5,10H,6,13H2,1-3H3,(H,14,15)"	"Trimethyl-tyrosine"	"224.12774"	""	"[M+H]+"	"positive"	"7.5"	"NCBITAXON:http://purl.bioontology.org/ontology/NCBITAXON/9606"	"Homo sapiens"	""	""	"3:medium reliability"	""	""	""	""	""	""	"0"	"1055876.013"	"13969.20403"	"86744.64891"	"65844.46216"	"0"	"69633.97735"	"0"	"0"	"0"	"3670.7026"	"18687.33608"	"16173.29275"	"0"	"0"	"5754.709446"	"175567.5102"	"11040.98656"	"0"	"6992433.878"	"7738895.79"	"10600000"	"0"	"0"	"0"	"0"	"0"	"160578.8403"	"0"	"24572.51654"
"CHEBI:84056"	"C8H15NO3"	"CCC(C)C(NC(C)=O)C(O)=O"	"InChI=1S/C8H15NO3/c1-4-5(2)7(8(11)12)9-6(3)10/h5,7H,4H2,1-3H3,(H,9,10)(H,11,12)"	"N-Acetylisoleucine"	"174.11211"	""	"[M+H]+"	"positive"	"4"	"NCBITAXON:http://purl.bioontology.org/ontology/NCBITAXON/9606"	"Homo sapiens"	""	""	"5:very good reliability"	""	""	""	""	""	""	"284806.1096"	"308196.6806"	"434673.923"	"343867.0095"	"1599196.165"	"1772146.673"	"435181.6192"	"943597.1509"	"694808.6299"	"351309.7618"	"643558.9411"	"480153.7657"	"332874.8122"	"508731.855"	"1133199.26"	"541961.4463"	"349047.7094"	"428795.9476"	"400823.6516"	"297582.4454"	"464878.3388"	"1609412.553"	"894220.8954"	"875799.3048"	"733745.146"	"515525.64"	"886134.6855"	"921726.2285"	"508422.9678"	"363787.5395"
"CHEBI:17786"	"C8H15NO3"	"[C@@H](CC(C)C)(NC(=O)C)C(O)=O"	"InChI=1S/C8H15NO3/c1-5(2)4-7(8(11)12)9-6(3)10/h5,7H,4H2,1-3H3,(H,9,10)(H,11,12)/t7-/m0/s1"	"N-Acetylleucine"	"174.11211"	""	"[M+H]+"	"positive"	"4"	"NCBITAXON:http://purl.bioontology.org/ontology/NCBITAXON/9606"	"Homo sapiens"	""	""	"5:very good reliability"	""	""	""	""	""	""	"284806.1096"	"308196.6806"	"434673.923"	"343867.0095"	"1599196.165"	"1772146.673"	"435181.6192"	"943597.1509"	"694808.6299"	"351309.7618"	"643558.9411"	"480153.7657"	"332874.8122"	"508731.855"	"1133199.26"	"541961.4463"	"349047.7094"	"428795.9476"	"400823.6516"	"297582.4454"	"464878.3388"	"1609412.553"	"894220.8954"	"875799.3048"	"733745.146"	"515525.64"	"886134.6855"	"921726.2285"	"508422.9678"	"363787.5395"
"CHEBI:40521"	"C8H16N4O3"	"CC(=O)N[C@@H](CCCNC(N)=N)C(O)=O"	"InChI=1S/C8H16N4O3/c1-5(13)12-6(7(14)15)3-2-4-11-8(9)10/h6H,2-4H2,1H3,(H,12,13)(H,14,15)(H4,9,10,11)/t6-/m0/s1"	"N-Acetyl-arginine"	"217.12902"	""	"[M+H]+"	"positive"	"12.4"	"NCBITAXON:http://purl.bioontology.org/ontology/NCBITAXON/9606"	"Homo sapiens"	""	""	"5:very good reliability"	""	""	""	""	""	""	"1166493.988"	"1378953.273"	"1741759.064"	"1216786.785"	"2648979.675"	"5167819.393"	"3540334.227"	"3591813.809"	"3686618.537"	"3443546.244"	"2800434.262"	"1122445.442"	"770837.5638"	"1397954.669"	"2197939.05"	"1652512.38"	"1180150.922"	"2411171.366"	"1286446.042"	"1001831.817"	"852196.4891"	"4193658.954"	"1724174.765"	"1394669.953"	"2143787.963"	"2206650.696"	"1735011.176"	"2207154.011"	"5774420.542"	"4385851.952"
"CHEBI:17533"	"C7H11NO5"	"CC(=O)N[C@@H](CCC(O)=O)C(O)=O"	"InChI=1S/C7H11NO5/c1-4(9)8-5(7(12)13)2-3-6(10)11/h5H,2-3H2,1H3,(H,8,9)(H,10,11)(H,12,13)/t5-/m0/s1"	"N-Acetyl-glutamate"	"190.0705"	""	"[M+H]+"	"positive"	"11.6"	"NCBITAXON:http://purl.bioontology.org/ontology/NCBITAXON/9606"	"Homo sapiens"	""	""	"5:very good reliability"	""	""	""	""	""	""	"830738.0553"	"491016.1186"	"1354912.888"	"626939.5974"	"663330.5727"	"570120.2322"	"617751.9624"	"425111.4455"	"2291150.021"	"1019286.703"	"5386690.599"	"5231289.882"	"254038.2666"	"435475.9169"	"198219.7258"	"756151.5041"	"674376.603"	"290620.3675"	"581526.0884"	"250385.9622"	"146906.9204"	"2411352.056"	"1296321.354"	"791531.2615"	"663547.7135"	"1093189.51"	"2348403.111"	"353205.0356"	"1164293.882"	"1191213.381"
"CHEBI:16543"	"C7H14N2O3"	"CC(=O)N[C@@H](CCCN)C(O)=O"	"InChI=1S/C7H14N2O3/c1-5(10)9-6(7(11)12)3-2-4-8/h6H,2-4,8H2,1H3,(H,9,10)(H,11,12)/t6-/m0/s1"	"N-Acetyl-ornithine"	"175.1073"	""	"[M+H]+"	"positive"	"11.2"	"NCBITAXON:http://purl.bioontology.org/ontology/NCBITAXON/9606"	"Homo sapiens"	""	""	"5:very good reliability"	""	""	""	""	""	""	"759226.5698"	"7015197.525"	"1390080.996"	"7823257.188"	"1170307.112"	"975180.4996"	"1865107.206"	"1168087.336"	"3408696.618"	"1574677.76"	"1474787.37"	"551696.0364"	"1768269.069"	"1404662.424"	"1090656.166"	"901768.9359"	"712893.3301"	"644264.0414"	"691584.309"	"1782889.934"	"2254093.309"	"672083.7791"	"1620534.301"	"1164729.771"	"2526120.146"	"795456.1561"	"700443.3675"	"793828.9085"	"1874506.011"	"1856868.879"
"CHEBI:35704"	"C8H16N2O3"	"CC(=O)N[C@@H](CCCCN)C(O)=O"	"InChI=1S/C8H16N2O3/c1-6(11)10-7(8(12)13)4-2-3-5-9/h7H,2-5,9H2,1H3,(H,10,11)(H,12,13)/t7-/m0/s1"	"N2-Acetyl-lysine"	"189.12274"	""	"[M+H]+"	"positive"	"12.6"	"NCBITAXON:http://purl.bioontology.org/ontology/NCBITAXON/9606"	"Homo sapiens"	""	""	"5:very good reliability"	""	""	""	""	""	""	"359937.5275"	"428834.3712"	"1084504.126"	"341705.065"	"953366.4097"	"819216.7221"	"1042581.8"	"1199329.942"	"999379.9943"	"2095837.859"	"988179.1459"	"690999.2059"	"303483.0453"	"453840.9942"	"577456.9556"	"654006.7768"	"240322.1861"	"511894.1085"	"422874.2967"	"207748.8871"	"394889.7933"	"1660440.223"	"897869.954"	"498512.5276"	"957947.143"	"738889.0974"	"661740.4266"	"501637.6647"	"1746945.34"	"1528506.221"
"CHEBI:17752"	"C8H16N2O3"	"CC(=O)NCCCC[C@H](N)C(O)=O"	"InChI=1S/C8H16N2O3/c1-6(11)10-5-3-2-4-7(9)8(12)13/h7H,2-5,9H2,1H3,(H,10,11)(H,12,13)/t7-/m0/s1"	"N6-Acetyl-lysine"	"189.12282"	""	"[M+H]+"	"positive"	"10.5"	"NCBITAXON:http://purl.bioontology.org/ontology/NCBITAXON/9606"	"Homo sapiens"	""	""	"5:very good reliability"	""	""	""	""	""	""	"630502.4537"	"232500.7729"	"915475.3042"	"504555.3184"	"1139184.735"	"1667424.853"	"944491.639"	"1160832.691"	"1428016.576"	"948992.4284"	"872283.6667"	"810763.5048"	"751666.7939"	"1030081.421"	"926314.6082"	"1018529.611"	"849930.1243"	"478101.6005"	"478858.5758"	"552681.3454"	"635551.8543"	"996285.1797"	"1128242.597"	"732236.0725"	"775948.4849"	"652126.4954"	"793376.1848"	"1105378.635"	"973106.4233"	"1573463.011"
"CHEBI:15728"	"C5H11N3O2"	"NC(=N)NCCCC(O)=O"	"InChI=1S/C5H11N3O2/c6-5(7)8-3-1-2-4(9)10/h1-3H2,(H,9,10)(H4,6,7,8)"	"4-Guanidinobutanoate"	"146.09189"	""	"[M+H]+"	"positive"	"12.6"	"NCBITAXON:http://purl.bioontology.org/ontology/NCBITAXON/9606"	"Homo sapiens"	""	""	"5:very good reliability"	""	""	""	""	""	""	"179630.0118"	"350934.9591"	"166228.5393"	"331964.735"	"132886.2308"	"510642.7292"	"252857.5682"	"143713.965"	"108333.6689"	"224547.7937"	"159578.2709"	"133236.3661"	"483469.2172"	"123802.0885"	"181120.4194"	"151396.9973"	"101179.0475"	"133213.3232"	"128577.0701"	"91251.8979"	"198094.3961"	"964989.263"	"59946.00073"	"152347.4695"	"195413.8824"	"259813.7244"	"108513.204"	"178200.6762"	"554571.1138"	"207552.7589"
"CHEBI:67249"	"C11H16N4O4"	"CC(=O)NCCC(=O)N[C@@H](Cc1cnc[nH]1)C(O)=O"	"InChI=1S/C11H16N4O4/c1-7(16)13-3-2-10(17)15-9(11(18)19)4-8-5-12-6-14-8/h5-6,9H,2-4H2,1H3,(H,12,14)(H,13,16)(H,15,17)(H,18,19)/t9-/m0/s1"	"Acetylcarnosine"	"269.12369"	""	"[M+H]+"	"positive"	"7.4"	"NCBITAXON:http://purl.bioontology.org/ontology/NCBITAXON/9606"	"Homo sapiens"	""	""	"5:very good reliability"	""	""	""	""	""	""	"6051066.975"	"2772331.65"	"5916653.13"	"958670.2094"	"1426102.42"	"2168879.999"	"1119642.67"	"298342.3393"	"1032423.874"	"1671253.47"	"9868016.777"	"8548438.054"	"2531576.288"	"2528287.671"	"6275625.326"	"4965798.602"	"1766350.978"	"612825.1729"	"1661219.049"	"1891260.479"	"6775333.075"	"931144.6411"	"1247473.063"	"2581833.246"	"886779.4814"	"943692.3288"	"1255401.011"	"5632027.985"	"1119549.589"	"1732801.146"
"CHEBI:15682"	"C10H18N4O6"	"N[C@@H](CCCNC(=N)NC(CC(O)=O)C(O)=O)C(O)=O"	"InChI=1S/C10H18N4O6/c11-5(8(17)18)2-1-3-13-10(12)14-6(9(19)20)4-7(15)16/h5-6H,1-4,11H2,(H,15,16)(H,17,18)(H,19,20)(H3,12,13,14)/t5-,6?/m0/s1"	"Arginino-succinate"	"291.12944"	""	"[M+H]+"	"positive"	"14.2"	"NCBITAXON:http://purl.bioontology.org/ontology/NCBITAXON/9606"	"Homo sapiens"	""	""	"5:very good reliability"	""	""	""	""	""	""	"533747.1272"	"526966.1712"	"201724.5561"	"198286.9998"	"509316.0477"	"444467.7046"	"335272.0166"	"260979.8087"	"752127.5741"	"574699.8081"	"369014.9669"	"399131.9188"	"296204.4282"	"193013.3822"	"307075.9538"	"499762.6654"	"548459.62"	"168702.0063"	"282379.4279"	"251484.9328"	"180122.5525"	"367229.7389"	"222058.4017"	"581484.8456"	"163067.9908"	"248309.7384"	"276587.2358"	"307983.4659"	"498223.5398"	"370363.895"
"CHEBI:15727"	"C9H14N4O3"	"NCCC(=O)N[C@@H](Cc1c[nH]cn1)C(O)=O"	"InChI=1S/C9H14N4O3/c10-2-1-8(14)13-7(9(15)16)3-6-4-11-5-12-6/h4-5,7H,1-3,10H2,(H,11,12)(H,13,14)(H,15,16)/t7-/m0/s1"	"Carnosine"	"227.11338"	""	"[M+H]+"	"positive"	"12.9"	"NCBITAXON:http://purl.bioontology.org/ontology/NCBITAXON/9606"	"Homo sapiens"	""	""	"5:very good reliability"	""	""	""	""	""	""	"61949.21213"	"20909.17097"	"55267.10013"	"30241.36186"	"42093.55095"	"11449.06217"	"51036.92616"	"7928.73023"	"18693.85039"	"42839.33432"	"106904.8394"	"86964.64059"	"149009.2334"	"73472.31902"	"215126.0628"	"179277.0981"	"21507.84308"	"10612.98844"	"20715.99726"	"11935.12526"	"116366.4461"	"60616.37377"	"51263.21914"	"42357.01203"	"30927.28808"	"46330.89822"	"35590.84335"	"109712.9657"	"17422.29975"	"60985.20724"
"CHEBI:18211"	"C6H13N3O3"	"NC(CCCNC(N)=O)C(O)=O"	"InChI=1S/C6H13N3O3/c7-4(5(10)11)2-1-3-9-6(8)12/h4H,1-3,7H2,(H,10,11)(H3,8,9,12)"	"Citrulline"	"176.10245"	""	"[M+H]+"	"positive"	"13.1"	"NCBITAXON:http://purl.bioontology.org/ontology/NCBITAXON/9606"	"Homo sapiens"	""	""	"5:very good reliability"	""	""	""	""	""	""	"75700000"	"68900000"	"43400000"	"63900000"	"95800000"	"146000000"	"134000000"	"117000000"	"105000000"	"95500000"	"76500000"	"107000000"	"113000000"	"89000000"	"129000000"	"93000000"	"64600000"	"63300000"	"52000000"	"51400000"	"95400000"	"107000000"	"91900000"	"103000000"	"98000000"	"89300000"	"47100000"	"76600000"	"100000000"	"131000000"
"CHEBI:16919"	"C4H9N3O2"	"CN(CC(O)=O)C(N)=N"	"InChI=1S/C4H9N3O2/c1-7(4(5)6)2-3(8)9/h2H2,1H3,(H3,5,6)(H,8,9)"	"Creatine"	"132.07624"	""	"[M+H]+"	"positive"	"12.1"	"NCBITAXON:http://purl.bioontology.org/ontology/NCBITAXON/9606"	"Homo sapiens"	""	""	"5:very good reliability"	""	""	""	""	""	""	"25500000"	"47800000"	"30800000"	"76400000"	"66200000"	"109000000"	"59400000"	"102000000"	"56400000"	"84900000"	"28800000"	"32400000"	"24100000"	"24800000"	"39100000"	"90600000"	"29000000"	"72400000"	"36100000"	"13600000"	"18000000"	"53400000"	"54400000"	"44800000"	"40300000"	"48500000"	"75400000"	"36100000"	"61900000"	"30100000"
"CHEBI:18089"	"C9H9NO3"	"OC(=O)CNC(=O)c1ccccc1"	"InChI=1S/C9H9NO3/c11-8(12)6-10-9(13)7-4-2-1-3-5-7/h1-5H,6H2,(H,10,13)(H,11,12)"	"Hippurate"	"180.06519"	""	"[M+H]+"	"positive"	"4.4"	"NCBITAXON:http://purl.bioontology.org/ontology/NCBITAXON/9606"	"Homo sapiens"	""	""	"5:very good reliability"	""	""	""	""	""	""	"7513692.05"	"9490011.634"	"11300000"	"16200000"	"51200000"	"38700000"	"87000000"	"4288771.366"	"14000000"	"55300000"	"17800000"	"1548979.48"	"16400000"	"48700000"	"9880522.403"	"209306.8309"	"81600000"	"1200485.509"	"8886287.84"	"11000000"	"20900000"	"17300000"	"14200000"	"543668.8872"	"28500000"	"11100000"	"58300000"	"11200000"	"32100000"	"23800000"
"CHEBI:28683"	"C10H12N2O3"	"NC(CC(=O)c1ccccc1N)C(O)=O"	"InChI=1S/C10H12N2O3/c11-7-4-2-1-3-6(7)9(13)5-8(12)10(14)15/h1-4,8H,5,11-12H2,(H,14,15)"	"Kynurenine"	"209.09149"	""	"[M+H]+"	"positive"	"7.9"	"NCBITAXON:http://purl.bioontology.org/ontology/NCBITAXON/9606"	"Homo sapiens"	""	""	"5:very good reliability"	""	""	""	""	""	""	"11000000"	"7321141.224"	"39800000"	"9504215.21"	"10300000"	"21100000"	"15200000"	"10800000"	"10300000"	"11800000"	"21900000"	"19400000"	"3519698.213"	"14700000"	"14000000"	"10600000"	"7836833.304"	"10400000"	"9127503.751"	"12400000"	"10600000"	"14900000"	"9945263.21"	"11900000"	"10300000"	"11900000"	"8040767.998"	"13000000"	"13600000"	"19000000"
"CHEBI:17287"	"C4H10N3O5P"	"CN(CC(O)=O)C(=N)NP(O)(O)=O"	"InChI=1S/C4H10N3O5P/c1-7(2-3(8)9)4(5)6-13(10,11)12/h2H2,1H3,(H,8,9)(H4,5,6,10,11,12)"	"Phosphocreatine"	"212.04267"	""	"[M+H]+"	"positive"	"12.8"	"NCBITAXON:http://purl.bioontology.org/ontology/NCBITAXON/9606"	"Homo sapiens"	""	""	"5:very good reliability"	""	""	""	""	""	""	"2701429.154"	"813097.405"	"1975459.365"	"857438.5888"	"1178459.526"	"1624845.869"	"1294784.866"	"1338370.081"	"682917.8898"	"440538.1946"	"1608634.799"	"1376496.17"	"2414687.995"	"3044087.116"	"3404192.495"	"1729625.569"	"1487093.693"	"580309.056"	"1093731.538"	"1102287.703"	"1565486.544"	"1369460.02"	"798846.2099"	"930425.2069"	"1025758.808"	"1601066.259"	"1580255.389"	"1239517.931"	"1071175.36"	"1998840.601"
"CHEBI:16680"	"C14H20N6O5S"	"N[C@@H](CCSC[C@H]1O[C@H]([C@H](O)[C@@H]1O)n1cnc2c(N)ncnc12)C(O)=O"	"InChI=1S/C14H20N6O5S/c15-6(14(23)24)1-2-26-3-7-9(21)10(22)13(25-7)20-5-19-8-11(16)17-4-18-12(8)20/h4-7,9-10,13,21-22H,1-3,15H2,(H,23,24)(H2,16,17,18)/t6-,7+,9+,10+,13+/m0/s1"	"S-Adenosyl-homocysteine"	"385.12808"	""	"[M+H]+"	"positive"	"11.2"	"NCBITAXON:http://purl.bioontology.org/ontology/NCBITAXON/9606"	"Homo sapiens"	""	""	"5:very good reliability"	""	""	""	""	""	""	"0"	"147469.9076"	"29233.74821"	"181124.7343"	"0"	"26104.01401"	"0"	"0"	"29573.47951"	"17145.12292"	"0"	"24376.15187"	"0"	"0"	"0"	"9305.946797"	"0"	"0"	"0"	"15899.84065"	"0"	"0"	"18150.32137"	"0"	"19350.13936"	"0"	"7612.848691"	"10241.96592"	"36335.03438"	"48594.49339"
"CHEBI:15414"	"C15H23N6O5S+"	"C[S+](CC[C@H](N)C(O)=O)C[C@H]1O[C@H]([C@H](O)[C@@H]1O)n1cnc2c(N)ncnc12"	"InChI=1S/C15H22N6O5S/c1-27(3-2-7(16)15(24)25)4-8-10(22)11(23)14(26-8)21-6-20-9-12(17)18-5-19-13(9)21/h5-8,10-11,14,22-23H,2-4,16H2,1H3,(H2-,17,18,19,24,25)/p+1/t7-,8+,10+,11+,14+,27?/m0/s1"	"S-Adenosyl-methionine"	"399.14365"	""	"[M+H]+"	"positive"	"13.7"	"NCBITAXON:http://purl.bioontology.org/ontology/NCBITAXON/9606"	"Homo sapiens"	""	""	"5:very good reliability"	""	""	""	""	""	""	"257253.8171"	"97313.33895"	"248292.4792"	"135852.0227"	"28987.22767"	"98777.12226"	"30032.62948"	"27206.10194"	"193476.7032"	"170144.4475"	"198045.6279"	"177800.6272"	"19919.61665"	"19408.2442"	"41238.78295"	"12980.88879"	"210294.7102"	"142277.0201"	"148080.2567"	"119445.5339"	"153650.8093"	"263403.5911"	"154161.5531"	"150744.2357"	"42080.54172"	"48903.53652"	"54993.7868"	"54640.96543"	"51650.34854"	"50953.5956"
"CHEBI:73024"	"C9H17NO4"	"CC(=O)OC(CC([O-])=O)C[N+](C)(C)C"	"InChI=1S/C9H17NO4/c1-7(11)14-8(5-9(12)13)6-10(2,3)4/h8H,5-6H2,1-4H3"	"Acetyl-carnitine"	"204.1225"	""	"[M+H]+"	"positive"	"8.5"	"NCBITAXON:http://purl.bioontology.org/ontology/NCBITAXON/9606"	"Homo sapiens"	""	""	"5:very good reliability"	""	""	""	""	""	""	"340000000"	"287000000"	"284000000"	"182000000"	"223000000"	"282000000"	"162000000"	"48600000"	"279000000"	"226000000"	"201000000"	"304000000"	"97800000"	"194000000"	"109000000"	"167000000"	"205000000"	"492000000"	"401000000"	"324000000"	"412000000"	"505000000"	"375000000"	"421000000"	"354000000"	"133000000"	"169000000"	"246000000"	"143000000"	"326000000"
"CHEBI:7676"	"C11H21NO4"	"CCCC(=O)OC(CC([O-])=O)C[N+](C)(C)C"	"InChI=1S/C11H21NO4/c1-5-6-11(15)16-9(7-10(13)14)8-12(2,3)4/h9H,5-8H2,1-4H3"	"Butyryl-carnitine"	"232.15386"	""	"[M+H]+"	"positive"	"6.2"	"NCBITAXON:http://purl.bioontology.org/ontology/NCBITAXON/9606"	"Homo sapiens"	""	""	"5:very good reliability"	""	""	""	""	""	""	"19800000"	"17100000"	"37100000"	"30500000"	"35900000"	"42400000"	"24800000"	"5466322.433"	"65500000"	"31000000"	"52300000"	"34900000"	"24300000"	"23800000"	"30500000"	"16300000"	"18300000"	"25700000"	"20400000"	"47900000"	"27400000"	"37200000"	"37800000"	"39800000"	"26900000"	"17300000"	"31100000"	"38300000"	"39600000"	"38300000"
"CHEBI:17126"	"C7H15NO3"	"C[N+](C)(C)CC(O)CC([O-])=O"	"InChI=1S/C7H15NO3/c1-8(2,3)5-6(9)4-7(10)11/h6,9H,4-5H2,1-3H3"	"Carnitine"	"162.11199"	""	"[M+H]+"	"positive"	"10.9"	"NCBITAXON:http://purl.bioontology.org/ontology/NCBITAXON/9606"	"Homo sapiens"	""	""	"5:very good reliability"	""	""	""	""	""	""	"453000000"	"628000000"	"524000000"	"412000000"	"599000000"	"690000000"	"641000000"	"216000000"	"369000000"	"470000000"	"491000000"	"531000000"	"547000000"	"637000000"	"556000000"	"549000000"	"338000000"	"547000000"	"364000000"	"337000000"	"357000000"	"566000000"	"590000000"	"539000000"	"509000000"	"432000000"	"605000000"	"619000000"	"572000000"	"589000000"
"CHEBI:68830"	"C17H33NO4"	"O(C(C[N+](C)(C)C)CC([O-])=O)C(CCCCCCCCC)=O"	"InChI=1S/C17H33NO4/c1-5-6-7-8-9-10-11-12-17(21)22-15(13-16(19)20)14-18(2,3)4/h15H,5-14H2,1-4H3"	"Decanoyl-carnitine"	"316.24767"	""	"[M+H]+"	"positive"	"4.3"	"NCBITAXON:http://purl.bioontology.org/ontology/NCBITAXON/9606"	"Homo sapiens"	""	""	"5:very good reliability"	""	""	""	""	""	""	"103000000"	"101000000"	"119000000"	"44900000"	"94800000"	"113000000"	"23800000"	"58100000"	"123000000"	"105000000"	"61200000"	"102000000"	"132000000"	"95500000"	"287000000"	"82700000"	"61600000"	"140000000"	"258000000"	"97600000"	"232000000"	"147000000"	"164000000"	"126000000"	"84900000"	"19700000"	"43500000"	"789000000"	"65800000"	"194000000"
"CHEBI:73054"	"C19H37NO4"	"CCCCCCCCCCCC(=O)OC(CC([O-])=O)C[N+](C)(C)C"	"InChI=1S/C19H37NO4/c1-5-6-7-8-9-10-11-12-13-14-19(23)24-17(15-18(21)22)16-20(2,3)4/h17H,5-16H2,1-4H3"	"Dodecanoyl-carnitine"	"344.27871"	""	"[M+H]+"	"positive"	"4"	"NCBITAXON:http://purl.bioontology.org/ontology/NCBITAXON/9606"	"Homo sapiens"	""	""	"5:very good reliability"	""	""	""	""	""	""	"25900000"	"19200000"	"21100000"	"11500000"	"8435605.734"	"14000000"	"1968822.248"	"6828690.974"	"23000000"	"27900000"	"17700000"	"23700000"	"27700000"	"20800000"	"33100000"	"18000000"	"4753668.51"	"20500000"	"31700000"	"12300000"	"43400000"	"11800000"	"35100000"	"39100000"	"23300000"	"4750824.096"	"8546985.483"	"132000000"	"15200000"	"61100000"
"CHEBI:70749"	"C13H25NO4"	"C(OC(CCCCC)=O)(C[N+](C)(C)C)CC(=O)[O-]"	"InChI=1S/C13H25NO4/c1-5-6-7-8-13(17)18-11(9-12(15)16)10-14(2,3)4/h11H,5-10H2,1-4H3"	"Hexanoyl-carnitine"	"260.18486"	""	"[M+H]+"	"positive"	"4.8"	"NCBITAXON:http://purl.bioontology.org/ontology/NCBITAXON/9606"	"Homo sapiens"	""	""	"5:very good reliability"	""	""	""	""	""	""	"11700000"	"12100000"	"19400000"	"7764061.67"	"13400000"	"16400000"	"5725523.242"	"4539514.856"	"26700000"	"12600000"	"9001126.257"	"15300000"	"10000000"	"11900000"	"19700000"	"12500000"	"8698805.7"	"19400000"	"26500000"	"10100000"	"22000000"	"30100000"	"22500000"	"20900000"	"15400000"	"4910481.838"	"5673988.346"	"88500000"	"10200000"	"22300000"
"CHEBI:73025"	"C12H23NO4"	"CC(C)CC(=O)OC(CC([O-])=O)C[N+](C)(C)C"	"InChI=1S/C12H23NO4/c1-9(2)6-12(16)17-10(7-11(14)15)8-13(3,4)5/h9-10H,6-8H2,1-5H3"	"Isovaleryl-carnitine"	"246.1694"	""	"[M+H]+"	"positive"	"5.5"	"NCBITAXON:http://purl.bioontology.org/ontology/NCBITAXON/9606"	"Homo sapiens"	""	""	"5:very good reliability"	""	""	""	""	""	""	"16700000"	"13300000"	"29400000"	"14800000"	"21700000"	"30600000"	"12900000"	"836000000"	"21900000"	"31900000"	"24500000"	"33200000"	"17300000"	"16700000"	"25100000"	"13100000"	"13200000"	"18800000"	"11400000"	"13700000"	"20500000"	"22800000"	"22800000"	"15700000"	"25400000"	"12600000"	"18300000"	"21500000"	"45100000"	"24100000"
"CHEBI:73039"	"C15H29NO4"	"CCCCCCCC(=O)OC(CC([O-])=O)C[N+](C)(C)C"	"InChI=1S/C15H29NO4/c1-5-6-7-8-9-10-15(19)20-13(11-14(17)18)12-16(2,3)4/h13H,5-12H2,1-4H3"	"Octanoyl-carnitine"	"288.21633"	""	"[M+H]+"	"positive"	"4.4"	"NCBITAXON:http://purl.bioontology.org/ontology/NCBITAXON/9606"	"Homo sapiens"	""	""	"5:very good reliability"	""	""	""	""	""	""	"43800000"	"44600000"	"45000000"	"13900000"	"41600000"	"48200000"	"12300000"	"22300000"	"50000000"	"41800000"	"23000000"	"30300000"	"45600000"	"39900000"	"106000000"	"35200000"	"33900000"	"62300000"	"101000000"	"30800000"	"86900000"	"62700000"	"60900000"	"58100000"	"39500000"	"10400000"	"15600000"	"313000000"	"29900000"	"64400000"
"CHEBI:28867"	"C10H19NO4"	"CCC(=O)OC(CC([O-])=O)C[N+](C)(C)C"	"InChI=1S/C10H19NO4/c1-5-10(14)15-8(6-9(12)13)7-11(2,3)4/h8H,5-7H2,1-4H3"	"Propionyl-carnitine"	"218.13811"	""	"[M+H]+"	"positive"	"7.2"	"NCBITAXON:http://purl.bioontology.org/ontology/NCBITAXON/9606"	"Homo sapiens"	""	""	"5:very good reliability"	""	""	""	""	""	""	"34700000"	"31700000"	"30800000"	"23700000"	"49800000"	"30500000"	"38800000"	"5064082.376"	"38600000"	"39400000"	"48400000"	"52800000"	"24800000"	"23700000"	"27300000"	"22000000"	"20900000"	"36800000"	"21500000"	"19600000"	"24300000"	"68000000"	"48600000"	"40000000"	"28300000"	"24700000"	"35400000"	"30000000"	"41700000"	"22100000"
"CHEBI:73061"	"C21H41NO4"	"CCCCCCCCCCCCCC(=O)OC(CC([O-])=O)C[N+](C)(C)C"	"InChI=1S/C21H41NO4/c1-5-6-7-8-9-10-11-12-13-14-15-16-21(25)26-19(17-20(23)24)18-22(2,3)4/h19H,5-18H2,1-4H3"	"Tetradecanoyl-carnitine"	"372.31003"	""	"[M+H]+"	"positive"	"3.7"	"NCBITAXON:http://purl.bioontology.org/ontology/NCBITAXON/9606"	"Homo sapiens"	""	""	"5:very good reliability"	""	""	""	""	""	""	"770550.9459"	"425577.893"	"490484.2162"	"766710.9579"	"213936.4081"	"246779.862"	"318687.1975"	"260200.1461"	"908119.351"	"1171815.73"	"807498.5998"	"712455.2826"	"478879.3973"	"503923.1053"	"684970.3257"	"651341.6487"	"286128.8578"	"291311.4839"	"300408.4633"	"273892.1903"	"452357.4973"	"328710.8632"	"909612.2222"	"1225529.685"	"842891.5044"	"207210.66"	"439581.7445"	"1706245.376"	"1066660.802"	"5166787.545"
"CHEBI:16436"	"C14H26N4O11P2"	"C[N+](C)(C)CCOP([O-])(=O)OP(O)(=O)OC[C@H]1O[C@H]([C@H](O)[C@@H]1O)n1ccc(N)nc1=O"	"InChI=1S/C14H26N4O11P2/c1-18(2,3)6-7-26-30(22,23)29-31(24,25)27-8-9-11(19)12(20)13(28-9)17-5-4-10(15)16-14(17)21/h4-5,9,11-13,19-20H,6-8H2,1-3H3,(H3-,15,16,21,22,23,24,25)/t9-,11-,12-,13-/m1/s1"	"CDP-choline"	"489.11319"	""	"[M+H]+"	"positive"	"13"	"NCBITAXON:http://purl.bioontology.org/ontology/NCBITAXON/9606"	"Homo sapiens"	""	""	"5:very good reliability"	""	""	""	""	""	""	"15800000"	"8119444.563"	"22200000"	"6467740.953"	"15100000"	"11700000"	"9328728.292"	"3858536.714"	"5909083.745"	"10800000"	"25900000"	"43000000"	"31000000"	"9291839.81"	"25900000"	"16200000"	"25700000"	"5305615.799"	"9401047.46"	"5226304.496"	"19200000"	"23100000"	"10700000"	"8083974.697"	"2454281.296"	"19900000"	"29300000"	"11000000"	"9775877.185"	"4409940.872"
"CHEBI:16732"	"C11H20N4O11P2"	"NCCOP(O)(=O)OP(O)(=O)OC[C@H]1O[C@H]([C@H](O)[C@@H]1O)n1ccc(N)nc1=O"	"InChI=1S/C11H20N4O11P2/c12-2-4-23-27(19,20)26-28(21,22)24-5-6-8(16)9(17)10(25-6)15-3-1-7(13)14-11(15)18/h1,3,6,8-10,16-17H,2,4-5,12H2,(H,19,20)(H,21,22)(H2,13,14,18)/t6-,8-,9-,10-/m1/s1"	"CDP-ethanolamine"	"447.06667"	""	"[M+H]+"	"positive"	"13.8"	"NCBITAXON:http://purl.bioontology.org/ontology/NCBITAXON/9606"	"Homo sapiens"	""	""	"5:very good reliability"	""	""	""	""	""	""	"969057.8966"	"355587.5171"	"1638306.696"	"489056.3038"	"804414.8083"	"1317372.75"	"746559.0583"	"95873.39643"	"505938.1814"	"600634.201"	"744068.8777"	"1448044.762"	"1559393.699"	"742682.4998"	"1266869.86"	"1090922.708"	"1145473.798"	"361269.8625"	"1036877.513"	"432578.4464"	"812037.8829"	"1078259.862"	"1171012.275"	"524576.5343"	"186454.1175"	"819543.5133"	"2414243.56"	"1053854.563"	"590397.3295"	"326670.2732"
"CHEBI:16870"	"C8H20NO6P"	"C[N+](C)(C)CCOP([O-])(=O)OC[C@H](O)CO"	"InChI=1S/C8H20NO6P/c1-9(2,3)4-5-14-16(12,13)15-7-8(11)6-10/h8,10-11H,4-7H2,1-3H3/t8-/m1/s1"	"Glycerophosphocholine"	"258.10943"	""	"[M+H]+"	"positive"	"12.2"	"NCBITAXON:http://purl.bioontology.org/ontology/NCBITAXON/9606"	"Homo sapiens"	""	""	"5:very good reliability"	""	""	""	""	""	""	"42100000"	"41400000"	"37000000"	"37600000"	"38600000"	"45500000"	"41200000"	"22000000"	"18800000"	"32800000"	"38300000"	"63200000"	"61400000"	"48700000"	"42800000"	"54200000"	"45400000"	"30800000"	"38800000"	"30500000"	"40900000"	"53100000"	"48700000"	"38300000"	"15800000"	"32900000"	"67000000"	"57900000"	"32400000"	"22100000"
"CHEBI:4828"	"C9H15N3O2S"	"C[N+](C)(C)[C@@H](Cc1c[nH]c(S)n1)C([O-])=O"	"InChI=1S/C9H15N3O2S/c1-12(2,3)7(8(13)14)4-6-5-10-9(15)11-6/h5,7H,4H2,1-3H3,(H2-,10,11,13,14,15)/t7-/m0/s1"	"Ergothioneine"	"230.09514"	""	"[M+H]+"	"positive"	"12.2"	"NCBITAXON:http://purl.bioontology.org/ontology/NCBITAXON/9606"	"Homo sapiens"	""	""	"5:very good reliability"	""	""	""	""	""	""	"2895582.653"	"9738623.435"	"7616013.974"	"39700000"	"13300000"	"2531581.95"	"17700000"	"8503721.947"	"1978482.85"	"10100000"	"10700000"	"5717858.803"	"10400000"	"10300000"	"7546782.771"	"14900000"	"15000000"	"4090829.395"	"36300000"	"13100000"	"6871480.421"	"11900000"	"30300000"	"11200000"	"86300000"	"1655440.7"	"8888567.458"	"5832642.658"	"12700000"	"8886310.768"
"CHEBI:17858"	"C20H32N6O12S2"	"N[C@@H](CCC(=O)N[C@@H](CSSC[C@H](NC(=O)CC[C@H](N)C(O)=O)C(=O)NCC(O)=O)C(=O)NCC(O)=O)C(O)=O"	"InChI=1S/C20H32N6O12S2/c21-9(19(35)36)1-3-13(27)25-11(17(33)23-5-15(29)30)7-39-40-8-12(18(34)24-6-16(31)32)26-14(28)4-2-10(22)20(37)38/h9-12H,1-8,21-22H2,(H,23,33)(H,24,34)(H,25,27)(H,26,28)(H,29,30)(H,31,32)(H,35,36)(H,37,38)/t9-,10-,11-,12-/m0/s1"	"Glutathione disulfide (GSSG)"	"613.15768"	""	"[M+H]+"	"positive"	"15"	"NCBITAXON:http://purl.bioontology.org/ontology/NCBITAXON/9606"	"Homo sapiens"	""	""	"5:very good reliability"	""	""	""	""	""	""	"2592244.625"	"1345143.154"	"3611299.869"	"2575246.113"	"875014.0223"	"1318031.189"	"1157469.527"	"662363.6396"	"205595.0945"	"1111626.461"	"1904193.105"	"2795410.115"	"2005015.871"	"1378827.628"	"2732652.154"	"2120557.863"	"2554792.813"	"1040092.115"	"2306609.695"	"2017544.288"	"2076314.742"	"1626726.441"	"2207968.486"	"678192.9919"	"113741.1238"	"870283.288"	"2172703.47"	"2898965.793"	"740362.8788"	"1349156.533"
"CHEBI:84058"	"C11H19N3O6"	"CC[C@H](NC(=O)CC[C@H](N)C(O)=O)C(=O)NCC(O)=O"	"InChI=1S/C11H19N3O6/c1-2-7(10(18)13-5-9(16)17)14-8(15)4-3-6(12)11(19)20/h6-7H,2-5,12H2,1H3,(H,13,18)(H,14,15)(H,16,17)(H,19,20)/t6-,7-/m0/s1"	"Ophthalmic acid"	"290.13417"	""	"[M+H]+"	"positive"	"11.4"	"NCBITAXON:http://purl.bioontology.org/ontology/NCBITAXON/9606"	"Homo sapiens"	""	""	"5:very good reliability"	""	""	""	""	""	""	"519460.7527"	"0"	"104539.916"	"0"	"42885.78765"	"34983.38536"	"43133.73335"	"12285.02054"	"34358.68613"	"63022.74261"	"34684.12281"	"79786.62859"	"32191.67251"	"42468.09099"	"87726.81553"	"27576.00094"	"18320.28706"	"34900.955"	"86905.40964"	"7224.680121"	"518087.6614"	"29655.10421"	"65889.92089"	"99548.03804"	"8071.953222"	"19103.54445"	"36889.59685"	"127873.1415"	"18294.66977"	"44418.79044"
"CHEBI:42334"	"C8H18N2O4S"	"OCCN1CCN(CC1)CCS(O)(=O)=O"	"InChI=1S/C8H18N2O4S/c11-7-5-9-1-3-10(4-2-9)6-8-15(12,13)14/h11H,1-8H2,(H,12,13,14)"	"HEPES [M+H]+"	"239.10532"	""	"[M+H]+"	"positive"	"8.2"	"NCBITAXON:http://purl.bioontology.org/ontology/NCBITAXON/9606"	"Homo sapiens"	""	""	"5:very good reliability"	""	""	""	""	""	""	"387000000"	"370000000"	"612000000"	"258000000"	"389000000"	"437000000"	"367000000"	"370000000"	"259000000"	"245000000"	"464000000"	"534000000"	"384000000"	"624000000"	"484000000"	"504000000"	"389000000"	"317000000"	"331000000"	"334000000"	"313000000"	"368000000"	"426000000"	"320000000"	"316000000"	"418000000"	"451000000"	"508000000"	"296000000"	"361000000"
"CHEBI:39033"	"C8H18N2O6S2"	"C1CN(CCN1CCS(=O)(=O)O)CCS(=O)(=O)O"	"InChI=1S/C8H18N2O6S2/c11-17(12,13)7-5-9-1-2-10(4-3-9)6-8-18(14,15)16/h1-8H2,(H,11,12,13)(H,14,15,16)"	"PIPES [M+H]+"	"303.06729"	""	"[M+H]+"	"positive"	"11.9"	"NCBITAXON:http://purl.bioontology.org/ontology/NCBITAXON/9606"	"Homo sapiens"	""	""	"5:very good reliability"	""	""	""	""	""	""	"35500000"	"27100000"	"36200000"	"28600000"	"29200000"	"31200000"	"31900000"	"31900000"	"27500000"	"33400000"	"33800000"	"35900000"	"26400000"	"34200000"	"26900000"	"37700000"	"38500000"	"32800000"	"37600000"	"34500000"	"29100000"	"29500000"	"27700000"	"32800000"	"33800000"	"27200000"	"34700000"	"26800000"	"32600000"	"34000000"
